"","p_val","avg_log2FC","pct.1","pct.2","p_val_adj","cluster","gene"
"1",6.53335407175193e-111,0.776325635938762,1,0.946,1.23787459597484e-106,0,"MALAT1"
"2",3.70494792249394e-60,1.85451237243442,0.433,0.132,7.01976482874927e-56,0,"NR2F2"
"3",2.91189491917319e-53,1.10378562820497,0.871,0.631,5.51716730335744e-49,0,"FTL"
"4",8.94716312410518e-52,0.79004667615317,0.799,0.498,1.69521899712421e-47,0,"B2M"
"5",1.5664149403427e-47,1.06137236694569,0.708,0.422,2.96788638746731e-43,0,"PTMA"
"6",2.76343698845653e-31,1.20680515939305,0.38,0.16,5.23588406202858e-27,0,"BTG1"
"7",5.35281137971449e-31,0.934378756245291,0.559,0.307,1.0141971721145e-26,0,"CALD1"
"8",2.28690662327722e-30,0.976730220677153,0.437,0.207,4.33300197912335e-26,0,"HLA-A"
"9",3.37897022214661e-29,1.42504195123819,0.338,0.144,6.40213487990118e-25,0,"FILIP1L"
"10",6.31256301352443e-28,1.20825078596409,0.384,0.184,1.19604131417247e-23,0,"SOD2"
"11",1.47887167316799e-25,0.895732235151534,0.506,0.28,2.80201815915139e-21,0,"IGFBP7"
"12",9.43891292324394e-25,1.06192111977926,0.362,0.168,1.78839083156703e-20,0,"HLA-B"
"13",2.3643965587242e-24,0.666178094915335,0.501,0.291,4.47982215981474e-20,0,"H3F3B"
"14",3.07060703351856e-24,1.14750797570928,0.355,0.164,5.81787914640762e-20,0,"ID3"
"15",6.50380648885254e-19,1.13454954989765,0.259,0.113,1.23227621544289e-14,0,"HLA-C"
"16",8.79439638432219e-19,1.04432452514322,0.314,0.154,1.66627428293753e-14,0,"RPS27L"
"17",5.5606179591098e-15,0.424759457593095,0.86,0.765,1.05357028471253e-10,0,"FTH1"
"18",2.07442681731795e-14,0.938797501466926,0.302,0.161,3.93041649077233e-10,0,"JUND"
"19",2.1462392392701e-12,0.763998558632209,0.287,0.16,4.06647948664506e-08,0,"ITM2B"
"20",5.79247710474825e-12,0.652577675850597,0.315,0.178,1.09750063703665e-07,0,"ADIRF"
"21",1.80196560755695e-10,0.83016715031757,0.272,0.156,3.41418423663815e-06,0,"EEF1D"
"22",3.52129378255742e-10,0.766977184818899,0.269,0.155,6.67179532981154e-06,0,"IFITM2"
"23",1.468222124929e-09,0.513252556216832,0.447,0.303,2.78184046010298e-05,0,"MT-ND2"
"24",3.5213058430024e-09,0.323275420522661,0.517,0.384,6.67181818073664e-05,0,"NEAT1"
"25",5.5237917783184e-09,0.450107288620098,0.424,0.294,0.000104659282823799,0,"MT-ND1"
"26",3.05208741113358e-08,0.268729085982019,0.266,0.164,0.00057827900178748,0,"MGP"
"27",3.4110112661326e-05,0.465374045273408,0.264,0.186,0.646284304594143,0,"HMGB1"
"28",0.00146833041897659,0.373440754750977,0.321,0.254,1,0,"NACA"
"29",0.00279392092154035,0.298284808952251,0.334,0.268,1,0,"IFITM3"
"30",1.86938240991257e-291,2.67483836560068,1,0.416,3.54191885206134e-287,1,"TIMP1"
"31",1.81532639894067e-176,2.21411239728207,0.868,0.24,3.4394989280729e-172,1,"COL6A1"
"32",7.46727949542478e-160,2.42643585037458,0.793,0.186,1.41482544599813e-155,1,"COL6A3"
"33",2.4036470536168e-141,2.11568115122335,0.779,0.206,4.55419007248774e-137,1,"COL6A2"
"34",9.77549615762951e-134,2.26687141593054,0.729,0.177,1.85216325698606e-129,1,"COL1A2"
"35",1.55549236872293e-127,1.55189063030128,0.882,0.398,2.94719139101934e-123,1,"LGALS1"
"36",7.62231746227657e-124,2.61996673111633,0.626,0.123,1.44420048957754e-119,1,"COL1A1"
"37",6.15851895380731e-120,2.1787615712039,0.685,0.182,1.16685458617787e-115,1,"FN1"
"38",4.71387386003247e-105,2.28605704811227,0.615,0.146,8.93137680260352e-101,1,"COL3A1"
"39",1.18508439764371e-102,1.34989116670799,0.83,0.353,2.24537940821554e-98,1,"TMSB10"
"40",4.62639806094851e-99,2.87360579698504,0.475,0.076,8.76563640607915e-95,1,"BGN"
"41",1.77539626972714e-94,2.12410214945701,0.58,0.144,3.36384331225201e-90,1,"SH3BGRL3"
"42",1.22990605927476e-82,2.38530176773644,0.49,0.104,2.3303030105079e-78,1,"SPARC"
"43",1.08856476920804e-70,1.32450348350092,0.786,0.4,2.06250366821847e-66,1,"CD63"
"44",3.74147045307795e-61,1.78291127771732,0.49,0.14,7.08896406744679e-57,1,"PPIB"
"45",3.6835441441307e-56,2.71648857184335,0.33,0.062,6.97921108988445e-52,1,"THY1"
"46",4.76703063258515e-55,2.88861546945265,0.288,0.043,9.03209293955907e-51,1,"UACA"
"47",4.07495048521763e-54,1.66993074694802,0.49,0.169,7.72080868434184e-50,1,"TPM2"
"48",4.82823419551109e-50,2.0437937834534,0.366,0.088,9.14805533023487e-46,1,"EMP1"
"49",1.02872130774966e-48,2.31337888985187,0.311,0.062,1.94911826179328e-44,1,"SERPINE1"
"50",2.87340959063684e-47,2.05489101276289,0.364,0.094,5.44424915137962e-43,1,"SFRP2"
"51",3.63307504378769e-46,1.78100193427052,0.308,0.062,6.88358728546453e-42,1,"APOD"
"52",1.26818824946277e-40,2.01133703678641,0.29,0.07,2.40283627625711e-36,1,"LUM"
"53",2.35503138916176e-35,1.32817423331249,0.455,0.186,4.46207797304478e-31,1,"PDGFRB"
"54",2.70972875923608e-33,0.683439345464352,0.821,0.563,5.13412308012461e-29,1,"EEF1A1"
"55",1.61660580715184e-31,1.42591652309564,0.399,0.152,3.06298302281059e-27,1,"CD59"
"56",2.01891667070577e-30,0.512508034618903,0.924,0.733,3.82524141598622e-26,1,"TPT1"
"57",4.7772853623022e-29,1.2888040332749,0.39,0.155,9.05152257595398e-25,1,"ANXA2"
"58",1.12520013766639e-27,0.737797068216937,0.722,0.504,2.1319167008365e-23,1,"VIM"
"59",5.48054786525263e-27,1.03611304637178,0.445,0.206,1.03839940402942e-22,1,"HSP90B1"
"60",7.81569634828085e-27,1.73829899241231,0.29,0.111,1.48083998710877e-22,1,"ID1"
"61",8.33043925774461e-27,1.52416115993014,0.334,0.127,1.57836832616487e-22,1,"CHI3L1"
"62",2.12879133433968e-26,0.316071565145407,0.875,0.657,4.03342094117339e-22,1,"MT-CO1"
"63",1.49262607955898e-25,1.67746780528382,0.279,0.094,2.82807863294041e-21,1,"S100A16"
"64",1.75794688963675e-25,0.620292806954817,0.745,0.499,3.33078197179474e-21,1,"RPL28"
"65",1.82750936437873e-24,1.34528093211956,0.283,0.1,3.46258199268838e-20,1,"CTSL"
"66",5.8089639089972e-24,1.36335921485576,0.313,0.139,1.1006243918377e-19,1,"TIMP3"
"67",5.50358283133073e-23,1.21787550692203,0.415,0.204,1.04276383905223e-18,1,"IER3"
"68",2.82445655475813e-22,1.53669081774132,0.278,0.101,5.35149783430022e-18,1,"HTRA1"
"69",7.15791989585803e-22,0.960466753029575,0.497,0.289,1.35621108266822e-17,1,"ACTG1"
"70",2.46128443379078e-19,0.513123082921452,0.837,0.671,4.66339561670339e-15,1,"RPL10"
"71",3.69728193083445e-19,0.54479131651244,0.775,0.592,7.00524007435203e-15,1,"RPS4X"
"72",6.46110126220923e-17,0.410085046548423,0.779,0.59,1.22418485615078e-12,1,"MT-CO3"
"73",7.07538400311643e-16,0.443253290050378,0.641,0.451,1.34057300707047e-11,1,"RPS24"
"74",1.17158082294339e-15,1.02438033371618,0.32,0.156,2.21979418523085e-11,1,"EEF1B2"
"75",3.10507163186501e-15,0.599578284014384,0.518,0.329,5.88317922089463e-11,1,"RPS9"
"76",1.32194614328257e-14,0.406092872823613,0.837,0.676,2.50469135767749e-10,1,"RPS18"
"77",6.20983190748689e-14,0.773604902372874,0.383,0.218,1.17657685151154e-09,1,"S100A10"
"78",6.15724181593864e-13,1.0486453943645,0.283,0.14,1.16661260686589e-08,1,"CALR"
"79",6.67876667004107e-13,0.429723496877661,0.62,0.45,1.26542592097268e-08,1,"TMSB4X"
"80",2.0724084758739e-12,0.731800859785403,0.359,0.209,3.92659233923828e-08,1,"S100A11"
"81",2.72376527883632e-12,0.343591751527614,0.772,0.613,5.16071807381118e-08,1,"RPS12"
"82",6.9262924696964e-12,0.718990727134018,0.313,0.184,1.31232463423338e-07,1,"S100A4"
"83",2.77785991491098e-11,0.596112511759217,0.585,0.476,5.26321118078183e-07,1,"S100A6"
"84",9.84382972493259e-11,0.373639573619914,0.473,0.339,1.86511041798298e-06,1,"RPL12"
"85",1.85198089694717e-10,0.633898790346425,0.371,0.232,3.5089482054458e-06,1,"SERF2"
"86",2.12317901682241e-10,0.527122069643825,0.401,0.265,4.02278728317342e-06,1,"RPL10A"
"87",2.2454259157533e-10,0.47832440775407,0.55,0.39,4.25440848257778e-06,1,"RPL3"
"88",2.63644672804444e-10,0.703308691831646,0.315,0.188,4.99527561562579e-06,1,"ITGB1"
"89",4.06545533633468e-08,0.305325381817051,0.599,0.462,0.000770281822575333,1,"RPS3"
"90",2.55265104386847e-06,0.61317829149269,0.251,0.155,0.0483650793281759,1,"FGF7"
"91",3.67520062346843e-06,0.602349484800204,0.371,0.262,0.0696340262128564,1,"IFITM3"
"92",1.0034721481414e-05,0.405116693720878,0.279,0.197,0.190127867908351,1,"CALM1"
"93",3.63753920709741e-05,0.309293252610372,0.401,0.309,0.689204553568747,1,"ACTB"
"94",0.000284837424446783,0.437376076691128,0.301,0.218,1,1,"NME2"
"95",0.000941538540096234,0.32831112563137,0.288,0.314,1,1,"MT2A"
"96",0.00101912866412282,0.365520163735797,0.35,0.269,1,1,"RPS5"
"97",0.00332016035077458,0.331246797094518,0.297,0.229,1,1,"MIF"
"98",1.36142681734026e-47,1.10467151451667,0.74,0.423,2.57949539081459e-43,2,"RPLP0"
"99",1.01591866218884e-43,1.21917809047693,0.65,0.315,1.9248610892492e-39,2,"RPL14"
"100",2.56984474214046e-41,0.884166755518586,0.811,0.528,4.86908483293354e-37,2,"RPL19"
"101",6.17480556664943e-40,1.54403775822962,0.577,0.242,1.16994041071307e-35,2,"C11orf96"
"102",1.41749416374783e-35,0.897520137906783,0.771,0.491,2.685726192053e-31,2,"RPL18A"
"103",5.11255379601472e-34,0.689997898689313,0.908,0.702,9.6867556773091e-30,2,"RPS8"
"104",1.03308682816346e-32,0.741789394928924,0.811,0.559,1.95738961332131e-28,2,"RPS14"
"105",1.04364645076363e-32,1.8443389801823,0.298,0.074,1.97739693026185e-28,2,"TAGLN"
"106",1.05427744340308e-31,0.887325892872743,0.73,0.457,1.99753947201583e-27,2,"RPS16"
"107",1.98420301541651e-29,0.541068962944699,0.96,0.791,3.75946945330965e-25,2,"RPL13"
"108",2.3006257694111e-29,0.855228616314514,0.74,0.451,4.35899564530321e-25,2,"PTMA"
"109",4.26554239536883e-29,0.956466520187117,0.626,0.365,8.08192317650531e-25,2,"RPS13"
"110",4.32270826416858e-28,0.471991512218042,0.962,0.861,8.1902353481202e-24,2,"RPLP1"
"111",4.56995145515639e-28,0.764525651821593,0.752,0.481,8.6586870220848e-24,2,"RPL32"
"112",1.35141794161136e-27,0.63478479916401,0.898,0.671,2.56053157397104e-23,2,"RPL10"
"113",1.86717357330479e-27,0.685954810258447,0.823,0.572,3.53773376934058e-23,2,"RPL7A"
"114",4.29664817046133e-25,1.44239175910963,0.43,0.173,8.14085928857307e-21,2,"ADIRF"
"115",2.81741076152278e-24,0.964800600337002,0.586,0.317,5.33814816985721e-20,2,"RPL29"
"116",6.35193494465637e-24,0.98463528579351,0.52,0.279,1.20350111396404e-19,2,"RPS27"
"117",4.08357566829344e-23,0.523069948910878,0.924,0.745,7.73715081871558e-19,2,"TPT1"
"118",7.81835045886521e-23,0.831075415824502,0.631,0.369,1.48134286144119e-18,2,"RPL30"
"119",1.02882656849652e-20,1.04259682149058,0.459,0.232,1.94931769933035e-16,2,"RPL23A"
"120",1.31973496697812e-20,0.650251022384589,0.783,0.587,2.50050184193345e-16,2,"EEF1A1"
"121",3.23279484991978e-20,0.619607264639332,0.688,0.505,6.125176402143e-16,2,"RPS27A"
"122",1.83884047291132e-19,0.76464211121162,0.593,0.369,3.48405104402508e-15,2,"RPS15A"
"123",2.73016334521344e-19,0.538628705248332,0.78,0.58,5.17284049017591e-15,2,"RPL41"
"124",8.76157518421363e-19,1.22964558646591,0.359,0.154,1.66005565015296e-14,2,"EEF1D"
"125",1.899803694715e-18,0.949434317298182,0.494,0.306,3.59955806037651e-14,2,"GAPDH"
"126",1.11574845294129e-17,1.00242189875898,0.489,0.255,2.11400859378786e-13,2,"IGFBP4"
"127",1.15684413105848e-17,0.776345648431152,0.579,0.371,2.19187257511649e-13,2,"RPL18"
"128",1.19916884566123e-17,0.712493704699474,0.648,0.438,2.27206521187433e-13,2,"RPL8"
"129",1.70951524544675e-17,0.948472183954463,0.47,0.256,3.23901853554796e-13,2,"RACK1"
"130",6.55489296937305e-17,0.464595717795481,0.752,0.544,1.24195557090711e-12,2,"B2M"
"131",3.63298855048963e-16,0.791597691173169,0.534,0.311,6.88342340661271e-12,2,"H3F3B"
"132",1.21952809390821e-15,0.548374422914058,0.738,0.552,2.31063987952789e-11,2,"RPS23"
"133",2.10416241865966e-15,0.911935360216745,0.442,0.239,3.98675653463446e-11,2,"NACA"
"134",3.05407588311202e-15,0.589103650032202,0.69,0.513,5.78655757573235e-11,2,"RPS6"
"135",3.33113394190869e-15,0.47381424782486,0.804,0.617,6.31149947973439e-11,2,"RPS12"
"136",1.22558548315675e-14,0.56310160930889,0.669,0.511,2.3221168149371e-10,2,"RPL21"
"137",1.89406498812691e-14,1.07316066670867,0.355,0.165,3.58868493300405e-10,2,"FILIP1L"
"138",2.82233637705555e-14,0.532543984944518,0.757,0.567,5.34748073360716e-10,2,"RPS3A"
"139",1.01004781700187e-13,0.698880803459633,0.506,0.342,1.91373759887345e-09,2,"RPL12"
"140",2.7867381126201e-13,0.427986704324268,0.714,0.52,5.28003270198131e-09,2,"VIM"
"141",4.97366384794895e-13,0.43835539033286,0.837,0.687,9.42360089270888e-09,2,"RPS2"
"142",6.72157221530752e-13,0.672980117303771,0.567,0.36,1.27353628763432e-08,2,"RPL5"
"143",7.45333107549489e-13,0.671633990715598,0.567,0.397,1.41218263887402e-08,2,"RPL3"
"144",1.7077216697087e-12,0.741119091036882,0.494,0.305,3.23562024759706e-08,2,"RPS11"
"145",2.85056287807028e-12,0.460673416716289,0.785,0.602,5.40096148507976e-08,2,"RPS4X"
"146",4.12248786347727e-12,0.506611868145072,0.712,0.548,7.81087775493037e-08,2,"RPL26"
"147",1.39932244272827e-11,0.627154669061278,0.454,0.293,2.65129623223725e-07,2,"RPS28"
"148",2.00106498523653e-11,0.675440576145333,0.489,0.311,3.79141782752766e-07,2,"RPL23"
"149",2.38049474254251e-11,0.975721008818457,0.312,0.16,4.5103233886953e-07,2,"EEF1G"
"150",2.47323900069523e-11,0.684234027495231,0.463,0.285,4.68604593461725e-07,2,"RPL24"
"151",2.82464089319848e-11,0.816547995142603,0.414,0.241,5.35184710034316e-07,2,"RPL7"
"152",3.10217154849542e-11,0.672874165330684,0.487,0.319,5.87768443293427e-07,2,"RPL34"
"153",3.57806135103119e-11,0.512083244439211,0.652,0.506,6.77935284179879e-07,2,"RPL11"
"154",4.61407306012961e-11,0.835867880080055,0.376,0.217,8.74228422702757e-07,2,"RPSA"
"155",1.32990697359446e-10,0.941319166997839,0.357,0.191,2.51977474286942e-06,2,"BTG1"
"156",5.20395455398053e-10,1.00748307016988,0.312,0.161,9.85993269342691e-06,2,"IFITM2"
"157",5.78193290222428e-10,0.540904477455164,0.556,0.393,1.09550282698444e-05,2,"RPS15"
"158",6.89513098326369e-10,0.72674103730942,0.428,0.26,1.30642046739897e-05,2,"RPS5"
"159",9.55028005942368e-10,0.815296937687337,0.333,0.181,1.809491562859e-05,2,"GAS5"
"160",1.42868612256833e-09,1.16966085466547,0.274,0.141,2.70693159643021e-05,2,"ID4"
"161",4.44386761863947e-09,0.418866867853191,0.721,0.569,8.41979597703621e-05,2,"RPL15"
"162",4.8425449582042e-09,0.769898619725548,0.364,0.221,9.17516993230949e-05,2,"FAU"
"163",6.36085237637113e-09,1.02635527085364,0.258,0.132,0.000120519069975104,2,"ZFP36L1"
"164",6.75969861685241e-09,0.877539342913518,0.281,0.153,0.000128076009693503,2,"RPL36A"
"165",7.57786618583227e-09,0.502799498963616,0.608,0.472,0.000143577830622964,2,"RPL6"
"166",8.35806930752305e-09,0.423443315800899,0.402,0.274,0.000158360339169639,2,"MYL6"
"167",1.05778330284849e-08,0.533319760547818,0.522,0.368,0.000200418202390704,2,"RPL9"
"168",1.14996437068203e-08,0.491457670145958,0.622,0.467,0.000217883749313124,2,"RPS3"
"169",1.48681340071378e-08,0.463013100369227,0.596,0.472,0.000281706535033241,2,"RPS24"
"170",1.94761913719969e-08,0.626378088605734,0.404,0.257,0.000369015397925226,2,"RPLP2"
"171",2.00913491617428e-08,0.866374079247539,0.35,0.204,0.000380670792567541,2,"JUN"
"172",2.12891047524895e-08,0.507628960817103,0.48,0.313,0.000403364667745419,2,"IGFBP7"
"173",2.28730397866459e-08,0.565589530996612,0.392,0.259,0.000433375484837581,2,"RPL39"
"174",2.3454256839027e-08,0.670482161906455,0.416,0.271,0.000444387804329046,2,"RPL10A"
"175",8.69920536872214e-08,0.993836923921816,0.262,0.135,0.00164823844121178,2,"TXNIP"
"176",1.01803897941767e-07,0.996715780413764,0.262,0.139,0.00192887845430266,2,"CCN1"
"177",2.6506973099012e-07,0.527847504803667,0.485,0.354,0.0050222761930698,2,"RPS7"
"178",2.65636402572042e-07,0.690890071785545,0.35,0.222,0.00503301291953248,2,"RPS20"
"179",3.64516064131766e-07,0.640130744755219,0.369,0.243,0.00690648586710457,2,"RPS25"
"180",3.64794845213916e-07,0.805927036397704,0.277,0.16,0.00691176793226806,2,"RPL22"
"181",8.06925808447254e-07,0.591637034773455,0.345,0.224,0.0152888232926501,2,"TPM4"
"182",8.57019609824514e-07,0.351204939374619,0.764,0.646,0.0162379505473451,2,"MT-CYB"
"183",9.83697318473056e-07,0.609983650355066,0.369,0.242,0.018638113093109,2,"MT-ND5"
"184",2.84811883638982e-06,0.658112538158592,0.293,0.18,0.0539633075930779,2,"JUND"
"185",3.36820395393283e-06,0.596403854596596,0.322,0.208,0.0638173603151654,2,"RPL37"
"186",4.05943788578444e-06,0.457326125036291,0.496,0.365,0.0769141696219577,2,"RPL27A"
"187",4.22965350904384e-06,0.599345129908718,0.305,0.193,0.0801392450358537,2,"NR2F2"
"188",6.61379122840526e-06,0.502498543885444,0.366,0.248,0.125311502404595,2,"HLA-A"
"189",6.65236746110939e-06,0.279694775231002,0.671,0.539,0.12604240628564,2,"MT-ND4"
"190",9.52330586001846e-06,0.299981021880035,0.712,0.588,0.18043807612977,2,"RPL17"
"191",1.09367391950507e-05,0.294326073086169,0.657,0.531,0.207218397528625,2,"RPL28"
"192",2.09625180960547e-05,0.548380674043511,0.338,0.23,0.397176830365949,2,"RPL35A"
"193",3.81923592915141e-05,0.534347875062283,0.281,0.192,0.723630631496318,2,"HMGB1"
"194",6.24785284005985e-05,0.612923536409259,0.279,0.185,1,2,"UBA52"
"195",8.07163896536924e-05,0.435528705025541,0.293,0.205,1,2,"HLA-B"
"196",0.000116338943515823,0.392287394228876,0.468,0.355,1,2,"CALD1"
"197",0.000198620841349785,0.410012786007158,0.452,0.354,1,2,"RPS9"
"198",0.000734830622867837,0.289638325830394,0.716,0.601,1,2,"RPL13A"
"199",0.000997407022834749,0.534639440520903,0.253,0.173,1,2,"RPL27"
"200",0.00270054117387483,0.333208986699796,0.359,0.271,1,2,"IFITM3"
"201",0.00488380913551276,0.265454126530571,0.355,0.276,1,2,"EIF1"
"202",3.73492452802737e-85,2.0284683810216,0.719,0.237,7.07656150325346e-81,3,"MYL6"
"203",9.25233488724926e-76,2.95579433824094,0.565,0.1,1.75303989108712e-71,3,"CRYAB"
"204",4.63417216556947e-62,1.99979113356179,0.656,0.241,8.78036600210448e-58,3,"HSP90AA1"
"205",6.91552857338168e-58,2.72103835364715,0.464,0.087,1.31028519879863e-53,3,"SLC3A2"
"206",5.65655306646095e-51,1.82585368197247,0.58,0.213,1.07174710950236e-46,3,"HSP90AB1"
"207",4.21250204342011e-47,1.51916354886709,0.688,0.3,7.98142762166809e-43,3,"H3F3B"
"208",2.43517844040674e-46,1.72396543032799,0.58,0.249,4.61393259103866e-42,3,"EIF1"
"209",2.38223585333085e-44,2.27402737875429,0.372,0.093,4.51362227130596e-40,3,"H2AFZ"
"210",1.74530924478404e-40,3.24966753211711,0.265,0.028,3.30683742609232e-36,3,"MRFAP1"
"211",6.47568761759197e-38,3.14583172113258,0.259,0.03,1.22694853290515e-33,3,"SAP18"
"212",3.21875711589347e-37,2.81673562543748,0.3,0.049,6.09857910748336e-33,3,"PHLDA2"
"213",2.47393742292756e-35,2.2805125860331,0.325,0.089,4.68736923522084e-31,3,"CALM2"
"214",1.14293170516133e-34,1.62971053983408,0.479,0.178,2.16551270176917e-30,3,"ANXA5"
"215",1.84122639791517e-33,2.56143777018859,0.284,0.049,3.48857165612988e-29,3,"COX6A1"
"216",8.5478563858879e-33,1.79966055764372,0.397,0.155,1.61956234943418e-28,3,"UBC"
"217",7.89346931323985e-31,2.6406714212587,0.259,0.043,1.49557563077955e-26,3,"ATP6V1G1"
"218",1.09978519044549e-26,1.48286670841015,0.457,0.182,2.08376300033707e-22,3,"CALM1"
"219",2.39598158574972e-26,2.33052467568458,0.281,0.064,4.53966631052e-22,3,"PPP1R15A"
"220",2.02920212626062e-22,1.65767629264972,0.331,0.107,3.844729268626e-18,3,"NCL"
"221",6.72843354171882e-20,1.5961330251822,0.312,0.105,1.27483630314946e-15,3,"CHCHD2"
"222",1.09545376398529e-19,1.5443564818241,0.322,0.118,2.07555624662293e-15,3,"SRP14"
"223",1.06591656047886e-18,1.55462481727793,0.297,0.117,2.0195921071393e-14,3,"UBB"
"224",3.60960381169441e-16,1.56439659390674,0.274,0.096,6.8391163420174e-12,3,"HNRNPA2B1"
"225",6.46321171971382e-16,0.402140263778056,0.984,0.957,1.22458472453418e-11,3,"MALAT1"
"226",1.16460968099127e-11,1.04098787374331,0.391,0.205,2.20658596257417e-07,3,"JUN"
"227",2.13450134909465e-11,1.35471522431985,0.297,0.136,4.04423970612964e-07,3,"TXNIP"
"228",4.2804302014246e-11,1.25679685636753,0.29,0.134,8.1101311026392e-07,3,"DDX5"
"229",8.50065934013339e-10,1.0019666971312,0.319,0.169,1.61061992517507e-05,3,"OAZ1"
"230",1.12142737662019e-08,0.917279147972485,0.42,0.278,0.000212476845048227,3,"C11orf96"
"231",3.86689420555935e-08,0.925712155785543,0.328,0.18,0.000732660445127329,3,"JUND"
"232",9.46047680964932e-08,0.975906719690263,0.262,0.134,0.00179247654112426,3,"PRDX1"
"233",7.11174274803988e-07,0.99073580000545,0.334,0.198,0.0134746189847112,3,"ADIRF"
"234",3.73456475822345e-06,0.747718006744626,0.271,0.17,0.0707587984740596,3,"NPM1"
"235",6.65889614541928e-06,0.255060790887334,0.612,0.481,0.126166105267259,3,"PTMA"
"236",0.00687213964733508,0.482582349477346,0.256,0.188,1,3,"RPS27L"
"237",3.94451817596963e-58,1.45154936848799,0.861,0.402,7.47367858800965e-54,4,"TMSB10"
"238",1.97293781892407e-50,0.627353876506437,0.926,0.49,3.73812528551544e-46,4,"TIMP1"
"239",1.11256741325616e-38,1.21904639345646,0.729,0.327,2.10798147789645e-34,4,"COL6A1"
"240",2.15713357252927e-37,1.77088035188932,0.506,0.166,4.08712097987121e-33,4,"ANXA2"
"241",5.74937239754709e-35,1.4339943876215,0.623,0.246,1.08933358816325e-30,4,"FN1"
"242",6.94244299016087e-35,1.28675638341187,0.639,0.273,1.31538467334578e-30,4,"COL6A3"
"243",5.13083932111366e-34,2.7474612868092,0.265,0.041,9.72140126171406e-30,4,"SFRP1"
"244",6.19641807047653e-31,1.20309481829793,0.635,0.288,1.17403533181319e-26,4,"COL6A2"
"245",1.36927292906483e-29,0.942251147451724,0.81,0.461,2.59436141869913e-25,4,"LGALS1"
"246",1.35553545117578e-27,0.825190091936368,0.877,0.68,2.56833301934275e-23,4,"MT-CO1"
"247",1.15104453723249e-25,0.680845786068869,0.89,0.686,2.1808840846944e-21,4,"RPS18"
"248",5.23800254288003e-25,1.42979906638278,0.432,0.175,9.92444341799478e-21,4,"CD59"
"249",6.18800345369746e-25,0.869415890189856,0.813,0.607,1.17244101437206e-20,4,"MT-CO3"
"250",1.0820045151454e-24,1.41302303066079,0.506,0.22,2.050073954846e-20,4,"S100A10"
"251",2.18153169857293e-24,0.959223931491086,0.781,0.462,4.13334810928613e-20,4,"S100A6"
"252",4.05422907355964e-24,2.27232416775105,0.252,0.052,7.68154782567345e-20,4,"DUSP6"
"253",1.61208319185615e-23,2.43379405875492,0.261,0.06,3.05441402360984e-19,4,"STC1"
"254",3.57042942479504e-23,1.12986205225138,0.555,0.261,6.76489263115916e-19,4,"COL1A2"
"255",5.25207474751331e-22,0.688799698858447,0.894,0.726,9.95110602411346e-18,4,"MT-CO2"
"256",9.69658887027871e-21,2.13592248793046,0.252,0.062,1.83721269325171e-16,4,"NBL1"
"257",2.60141083733569e-20,1.16437177015575,0.481,0.205,4.92889311349994e-16,4,"SH3BGRL3"
"258",2.62754668712959e-19,1.31091692945873,0.416,0.188,4.97841270810444e-15,4,"PPIB"
"259",4.70776510833468e-18,1.81847095425178,0.265,0.076,8.91980255076173e-14,4,"LY6E"
"260",2.66278162971151e-17,1.95052173769029,0.268,0.073,5.0451723538144e-13,4,"TUBB"
"261",4.54989687832458e-17,0.672753207693656,0.826,0.644,8.62068961536157e-13,4,"MT-CYB"
"262",8.2283956203582e-17,1.41207625476692,0.329,0.124,1.55903411818927e-12,4,"EMP1"
"263",1.70199057906397e-16,2.15809279325227,0.261,0.095,3.2247615501525e-12,4,"APOD"
"264",9.23433997156095e-16,0.740233429338994,0.719,0.539,1.74963039441165e-11,4,"MT-ND4"
"265",1.40463825859639e-15,0.530231946207696,0.768,0.6,2.66136810856257e-11,4,"RPL13A"
"266",7.0818540679582e-15,1.53442089210137,0.29,0.102,1.34179889025604e-10,4,"PKM"
"267",9.40484220845405e-15,1.13026982161825,0.448,0.223,1.78193545323579e-10,4,"IER3"
"268",1.80212833590921e-14,0.845496792021731,0.681,0.456,3.41449255804719e-10,4,"CD63"
"269",7.14637492756371e-14,1.65506768250231,0.313,0.106,1.3540236575255e-09,4,"TMEM158"
"270",7.48421061833675e-14,1.2821432287815,0.294,0.112,1.41803338585626e-09,4,"S100A16"
"271",2.46376450578276e-13,1.45406482771409,0.355,0.147,4.66809460910659e-09,4,"CHI3L1"
"272",4.19070508264182e-13,0.535939574366,0.774,0.586,7.94012892008146e-09,4,"RPL17"
"273",4.56738379409452e-13,0.567429480034594,0.739,0.527,8.6538220746709e-09,4,"RPL28"
"274",4.64616292865238e-12,0.905961665319678,0.416,0.214,8.80308490091767e-08,4,"TPM2"
"275",8.80547980461766e-12,1.16046467219325,0.313,0.152,1.66837425858091e-07,4,"CALR"
"276",4.25542840998616e-11,1.06460465678573,0.387,0.192,8.06276020840077e-07,4,"ITGB1"
"277",4.37280012455433e-11,0.935159417841699,0.4,0.238,8.28514439599309e-07,4,"HSP90B1"
"278",4.69723005978633e-11,0.566918325251395,0.677,0.467,8.89984179427715e-07,4,"RPS24"
"279",4.72480067112279e-11,0.932177993485347,0.323,0.157,8.95207983157635e-07,4,"FGF7"
"280",7.38632947555451e-11,1.07940933321552,0.403,0.207,1.39948784573331e-06,4,"COL1A1"
"281",8.25621741493945e-11,0.841524850392687,0.4,0.278,1.56430551360858e-06,4,"IGFBP4"
"282",2.03980787591013e-10,0.478851937870545,0.8,0.627,3.86482398248693e-06,4,"RPS12"
"283",6.99449343777491e-10,0.930982826070479,0.41,0.222,1.32524667165521e-05,4,"MIF"
"284",8.03179935970614e-10,0.770573986809026,0.51,0.31,1.52178502468352e-05,4,"ACTG1"
"285",8.51759405119428e-10,0.472379918508566,0.842,0.722,1.61382854487978e-05,4,"MT-ATP6"
"286",1.04717121079186e-09,0.470494690402667,0.755,0.579,1.98407529308733e-05,4,"RPS14"
"287",1.50281523324305e-09,1.00247814840358,0.287,0.145,2.84738402242561e-05,4,"RPS29"
"288",3.97959979963968e-09,0.938755425980675,0.377,0.223,7.54014774037731e-05,4,"S100A11"
"289",4.64135469088285e-09,0.882671986892123,0.252,0.124,8.79397473281574e-05,4,"HTRA1"
"290",4.90050146996409e-09,0.525288700776481,0.642,0.472,9.28498013514096e-05,4,"RPS3"
"291",5.84791215216365e-09,0.445694824141236,0.7,0.52,0.000110800391547045,4,"RPS6"
"292",6.50836600786649e-09,0.77776948821323,0.365,0.227,0.000123314010751046,4,"PDGFRB"
"293",7.56208271062932e-09,0.725700768070392,0.265,0.147,0.000143278781118294,4,"BGN"
"294",2.6823737467783e-08,1.07297569492644,0.365,0.191,0.000508229353802085,4,"S100A4"
"295",4.19732585021845e-08,0.822494842802363,0.371,0.207,0.000795267328840889,4,"RPL35"
"296",5.5535836368016e-08,1.39969695314436,0.284,0.124,0.0010522374916648,4,"TFPI2"
"297",2.37526754193644e-07,0.552541023028779,0.516,0.348,0.00450041941170698,4,"RPL12"
"298",3.88104652708616e-07,0.769494932876232,0.371,0.218,0.00735341885487014,4,"NME2"
"299",5.70177788431797e-07,0.384404427144587,0.742,0.602,0.0108031585574173,4,"EEF1A1"
"300",7.6856242294238e-07,0.809390231646367,0.297,0.177,0.0145619522274893,4,"EEF1B2"
"301",8.26693324001236e-07,0.778616985764999,0.387,0.228,0.0156633584098514,4,"COL3A1"
"302",1.26762050807791e-06,0.380975663205211,0.716,0.564,0.0240176057665521,4,"RPS23"
"303",1.74313038755921e-06,0.706185541321551,0.361,0.227,0.0330270914530843,4,"RPSA"
"304",1.81734099686166e-06,1.36440091090058,0.252,0.149,0.0344331598675379,4,"IGFBP5"
"305",2.13428452686033e-06,0.613334244997829,0.377,0.247,0.0404382889304227,4,"RPL37A"
"306",3.17817961936196e-06,0.776350464944199,0.448,0.29,0.060216969248051,4,"MT2A"
"307",3.66333838425096e-06,0.606275594595591,0.397,0.265,0.0694092723664029,4,"RPLP2"
"308",1.6919038718887e-05,0.258034842810432,0.803,0.694,0.320565026606753,4,"RPL10"
"309",1.69978751342888e-05,0.294755642357163,0.752,0.705,0.322058740169369,4,"RPS2"
"310",1.89655191934414e-05,0.643735541242377,0.348,0.23,0.359339692158135,4,"RPS17"
"311",3.82035790750319e-05,0.528407053736789,0.41,0.316,0.723843212734629,4,"MT-ND3"
"312",6.00896777748388e-05,0.458393868473226,0.394,0.281,1,4,"RPL10A"
"313",8.57242944035928e-05,0.263034405833794,0.571,0.46,1,4,"RPLP0"
"314",0.000107107622786377,0.421418017383626,0.481,0.355,1,4,"RPS9"
"315",0.000152772012432011,0.606795961005397,0.326,0.214,1,4,"RPL36"
"316",0.000295181759776708,0.488771679643313,0.384,0.266,1,4,"RPL39"
"317",0.000609968923891258,0.259322268043698,0.723,0.598,1,4,"RPL41"
"318",0.000778109557020805,0.375419911860731,0.252,0.178,1,4,"SPARC"
"319",0.0022163792562258,0.482717539912256,0.303,0.216,1,4,"RPL37"
"320",0.00285494298417059,0.476692017192633,0.358,0.249,1,4,"SERF2"
"321",0.0030241306440714,0.327020339453766,0.635,0.52,1,4,"RPS27A"
"322",0.00398467089374277,0.315725829305879,0.329,0.281,1,4,"RPS5"
"323",0.00501657320935422,0.463410916731743,0.432,0.315,1,4,"ACTB"
"324",1.7206918253057e-78,1.56388061946184,1,0.775,3.26019480140671e-74,5,"FTH1"
"325",1.81420736277266e-65,3.82937000653466,0.508,0.042,3.43737869024536e-61,5,"MMP2"
"326",3.34012183388553e-50,4.26461107653668,0.365,0.021,6.32852883866292e-46,5,"BASP1"
"327",1.31257298400369e-45,1.44571210224368,0.917,0.469,2.48693203279179e-41,5,"S100A6"
"328",1.02800064548852e-42,1.31544555394212,0.972,0.674,1.94775282300709e-38,5,"FTL"
"329",1.57488939014685e-41,2.56882438352489,0.536,0.1,2.98394292751123e-37,5,"TMEM158"
"330",5.04974361746378e-38,4.38584182118692,0.282,0.016,9.56774923200863e-34,5,"ARL4C"
"331",1.50534300430918e-37,2.63234286103717,0.481,0.114,2.85217339026461e-33,5,"CTSL"
"332",1.98941132556197e-36,2.62894161378583,0.431,0.072,3.76933763854227e-32,5,"GSTO1"
"333",2.7336398994365e-33,3.32601162120083,0.343,0.041,5.17942751746233e-29,5,"CTSK"
"334",6.68327991672239e-33,2.58781872365062,0.442,0.093,1.26628104582139e-28,5,"RND3"
"335",1.50536170335852e-27,1.024836576972,0.867,0.454,2.85220881935339e-23,5,"CD63"
"336",6.05418776855034e-27,0.382027700190507,0.912,0.513,1.14708695650723e-22,5,"TIMP1"
"337",5.98753045050413e-24,2.01364950300347,0.436,0.111,1.13445739445702e-19,5,"S100A16"
"338",1.87238878946309e-21,2.96344154181612,0.331,0.071,3.54761503939572e-17,5,"MMP1"
"339",3.667679156519e-21,2.28733115303677,0.343,0.071,6.94915169785655e-17,5,"PPP1R14B"
"340",6.07899889929268e-21,2.23211835640382,0.343,0.096,1.15178792144898e-16,5,"ANXA1"
"341",5.29755218089002e-19,2.63234286103717,0.271,0.051,1.00372721171323e-14,5,"MMP3"
"342",7.92140171164618e-19,1.27063486416445,0.597,0.268,1.5008679823056e-14,5,"HSP90AA1"
"343",3.10567616133823e-18,2.22313444056053,0.309,0.084,5.88432462288754e-14,5,"TNFAIP6"
"344",1.41529904114031e-16,1.82450823987593,0.436,0.152,2.68156709324855e-12,5,"CHI3L1"
"345",3.78428234459679e-16,2.28843709026294,0.26,0.061,7.17007975830754e-12,5,"TNFRSF12A"
"346",3.20889234643878e-15,2.26869996460456,0.265,0.058,6.07988832879755e-11,5,"CCDC85B"
"347",2.28448236025295e-14,1.87908281942056,0.287,0.082,4.32840872797126e-10,5,"PLIN2"
"348",7.29374195799807e-14,1.53632772547028,0.365,0.135,1.38194528878189e-09,5,"SQSTM1"
"349",6.8135944648049e-12,1.11384833218127,0.486,0.223,1.29097174324658e-07,5,"S100A11"
"350",9.95551162753298e-12,1.8563521098889,0.254,0.07,1.88627078806867e-07,5,"MAP4K4"
"351",1.59944765655747e-11,1.55400938735867,0.32,0.125,3.03047347487944e-07,5,"HTRA1"
"352",1.61925602477131e-11,1.10977142684598,0.453,0.229,3.0680043901342e-07,5,"RPS17"
"353",1.93188729119324e-09,1.40158255678992,0.32,0.124,3.66034685062383e-05,5,"PRRX1"
"354",3.10424253314966e-09,0.463116805900323,0.729,0.485,5.88160832755867e-05,5,"LGALS1"
"355",7.74527342090713e-09,1.2752933592926,0.315,0.132,0.000146749695505927,5,"LGALS3"
"356",9.18072667716433e-09,1.42099261049231,0.293,0.112,0.000173947228352233,5,"PKM"
"357",1.6748637561232e-08,1.0510271128175,0.431,0.222,0.000317336435872662,5,"SOD2"
"358",2.51185483996299e-08,1.36765269358913,0.32,0.139,0.000475921136527787,5,"SFRP2"
"359",3.13114734966978e-08,1.78310995258024,0.271,0.099,0.000593258488341933,5,"RARRES2"
"360",1.1505084160116e-07,1.44004686444686,0.254,0.098,0.00217986829581719,5,"TXN"
"361",1.28629123243778e-07,0.921849478232157,0.409,0.214,0.00243713599809986,5,"RPL36"
"362",2.45108607622299e-07,0.506165754960027,0.613,0.404,0.00464407278861969,5,"NEAT1"
"363",6.51676972266845e-07,1.23564167602527,0.276,0.122,0.0123473235935399,5,"EIF4A1"
"364",1.21810519197741e-06,0.901508632182654,0.425,0.236,0.0230794390723961,5,"IER3"
"365",2.95961207193834e-06,0.419335381176865,0.707,0.613,0.0560757699270157,5,"RPL13A"
"366",3.13697183162073e-06,1.33824488664484,0.298,0.131,0.059436205293718,5,"TFPI2"
"367",5.1345124686386e-06,0.439713254770059,0.762,0.597,0.0972836077432956,5,"RPL17"
"368",6.91501133125106e-06,0.849692224820792,0.398,0.224,0.131018719693214,5,"NME2"
"369",1.04044425171383e-05,0.412296013388046,0.818,0.702,0.197132972372218,5,"RPS18"
"370",1.23611808032795e-05,0.921203254238871,0.348,0.185,0.234207292679736,5,"RPS27L"
"371",1.89383906902753e-05,0.975798229511785,0.282,0.142,0.358825688408647,5,"YBX1"
"372",8.1940502992654e-05,0.969046886637512,0.293,0.166,1,5,"HSPA5"
"373",0.000209541698574257,0.623970031299572,0.575,0.48,1,5,"TMSB4X"
"374",0.000231719491058754,0.815710125391557,0.287,0.162,1,5,"CALR"
"375",0.000233133964028744,0.449548059343818,0.298,0.198,1,5,"CD59"
"376",0.000572655684271573,0.336503995018471,0.735,0.586,1,5,"RPS19"
"377",0.000906622686517424,0.507054387597232,0.304,0.198,1,5,"ANXA2"
"378",0.00114522205609041,0.737364073671816,0.32,0.206,1,5,"ANXA5"
"379",0.00227792749573347,0.689489860817521,0.365,0.235,1,5,"MIF"
"380",0.00263161913274658,0.624712900330644,0.354,0.235,1,5,"TPM4"
"381",0.00329581463422124,0.278316840580226,0.707,0.585,1,5,"RPL15"
"382",0.00393762156449273,0.371378319318675,0.354,0.246,1,5,"S100A10"
"383",0.00402504499960842,0.618537061512142,0.282,0.18,1,5,"OAZ1"
"384",0.00482917515473366,0.66900133161602,0.326,0.207,1,5,"ITGB1"
"385",0.0077790272008024,0.414187432587195,0.354,0.256,1,5,"RPL37A"
"386",1.85946013487026e-28,1.5257102463688,0.584,0.27,3.52311911753868e-24,6,"RPLP2"
"387",2.96601603832945e-27,2.05709253771648,0.73,0.246,5.6197105878228e-23,6,"SERF2"
"388",7.41271533682602e-27,1.19475196950578,0.865,0.603,1.40448717486843e-22,6,"RPL41"
"389",2.06035733390985e-25,0.822715329676338,0.955,0.875,3.903759040559e-21,6,"RPLP1"
"390",3.79674536458313e-24,1.09368681576419,0.955,0.636,7.19369344227566e-20,6,"RPS12"
"391",9.41762075601852e-24,1.64129972267227,0.584,0.269,1.78435660464283e-19,6,"RPL39"
"392",2.19379431564837e-23,1.17636528827996,0.809,0.542,4.15658208985897e-19,6,"RPL28"
"393",1.05262335152589e-21,1.00558720160989,0.91,0.703,1.9944054641361e-17,6,"RPS18"
"394",3.19268351923532e-21,1.33146062790596,0.685,0.359,6.04917746389517e-17,6,"RPS9"
"395",1.47326593272778e-19,1.804396510893,0.584,0.213,2.79139696273933e-15,6,"RPL35"
"396",4.8688084824056e-19,0.751561352485942,0.921,0.769,9.2249314316139e-15,6,"TPT1"
"397",9.17880210595742e-19,1.1126775971906,0.865,0.512,1.73910763501575e-14,6,"RPL32"
"398",2.56422587462437e-18,1.08315388699629,0.843,0.525,4.85843876465079e-14,6,"RPL18A"
"399",1.02627529497008e-17,2.52014035910878,0.27,0.082,1.94448380137981e-13,6,"RAB13"
"400",2.55138129057359e-17,1.11577530856549,0.82,0.48,4.83410213124979e-13,6,"RPS24"
"401",3.19521274508236e-16,1.14424848424313,0.697,0.375,6.05396958810755e-12,6,"RPL27A"
"402",5.18416616017786e-16,1.01413615962737,0.775,0.525,9.822439623689e-12,6,"RPS27A"
"403",2.38901817200022e-15,0.831774743066891,0.708,0.53,4.52647273048882e-11,6,"RPL21"
"404",3.59871970294974e-15,1.57980150128004,0.494,0.189,6.81849422117888e-11,6,"UBA52"
"405",7.68102976197073e-15,1.26328635362514,0.573,0.284,1.45532470900059e-10,6,"RPL10A"
"406",9.29098340366506e-15,0.579843827050265,0.921,0.814,1.76036262549242e-10,6,"RPL13"
"407",1.37994388224151e-14,1.16263942605347,0.685,0.409,2.61457967368298e-10,6,"RPS15"
"408",6.1544314359082e-14,1.01076898719597,0.831,0.588,1.16608012416153e-09,6,"RPS19"
"409",2.06437828612594e-13,1.36652055060822,0.562,0.252,3.91137753872281e-09,6,"RPL37A"
"410",2.55677655087849e-13,1.67740614963471,0.348,0.133,4.84432453094948e-09,6,"PPIA"
"411",1.74893481282016e-12,1.44296186555475,0.337,0.159,3.31370678985036e-08,6,"CST3"
"412",4.99591550022302e-12,0.833375577864767,0.674,0.466,9.46576109827256e-08,6,"RPLP0"
"413",6.50520946241827e-12,1.0982517453496,0.719,0.393,1.23254203684439e-07,6,"RPS15A"
"414",8.11102693165166e-12,1.39303664022306,0.64,0.308,1.53679627274004e-07,6,"RPS28"
"415",9.43234089346805e-12,1.43820338441121,0.517,0.216,1.78714562908539e-07,6,"RPL37"
"416",1.7871659805472e-11,1.60781587744964,0.438,0.152,3.38614338334279e-07,6,"RPS29"
"417",3.20250511940862e-11,0.75286621025292,0.753,0.603,6.06778644974352e-07,6,"RPL17"
"418",3.35693822527364e-11,1.1206773296425,0.618,0.359,6.36039085542597e-07,6,"RPL12"
"419",6.34394002549387e-11,2.29502843641874,0.292,0.068,1.20198631663032e-06,6,"CD99"
"420",9.40599325591631e-11,1.34601665580164,0.382,0.179,1.78215354219846e-06,6,"RPL27"
"421",1.31203374864835e-10,0.847569459447522,0.652,0.416,2.48591034356404e-06,6,"RPL3"
"422",1.46658171302114e-10,0.642396109159781,0.753,0.592,2.77873237166116e-06,6,"RPS3A"
"423",1.50337035765868e-10,0.985847002766905,0.685,0.401,2.84843581665591e-06,6,"RPL30"
"424",2.48540974746655e-10,0.98465351671255,0.607,0.351,4.70910584852488e-06,6,"RPL29"
"425",4.9449838606123e-10,1.3794097123455,0.517,0.226,9.36926092070212e-06,6,"NME2"
"426",5.40291987219443e-10,1.42823653965216,0.517,0.217,1.02369122818468e-05,6,"RPL36"
"427",6.34582164760246e-10,0.7447535644656,0.899,0.704,1.20234282757124e-05,6,"RPS2"
"428",6.92355405810844e-10,0.522967913768867,0.742,0.615,1.31180578738981e-05,6,"RPL13A"
"429",7.52381769452067e-10,0.961521987927586,0.539,0.328,1.42553773858083e-05,6,"RPS11"
"430",1.12233110284608e-09,1.22761437148643,0.82,0.531,2.12648074056247e-05,6,"TIMP1"
"431",1.3547915008685e-09,0.814716122633167,0.719,0.484,2.56692345669554e-05,6,"RPS3"
"432",1.6314957151407e-09,1.2180633714577,0.708,0.572,3.09119493147708e-05,6,"B2M"
"433",5.19729066460544e-09,0.600242657744836,0.753,0.627,9.84730662222793e-05,6,"RPS4X"
"434",7.94124329680769e-09,0.943093525996019,0.472,0.28,0.000150462736744615,6,"RPS5"
"435",9.01526779605602e-09,0.714200190820732,0.674,0.464,0.000170812278931873,6,"RPL8"
"436",1.08931827604653e-08,0.764462883903933,0.843,0.572,0.000206393133762537,6,"RPS23"
"437",2.63742917070097e-08,1.37031656372298,0.416,0.171,0.000499713704972713,6,"RPL22"
"438",3.06555108525678e-08,0.598452761572184,0.708,0.595,0.000580829964123602,6,"RPS14"
"439",4.10714557135154e-08,0.993106033334428,0.573,0.338,0.000778180871403976,6,"RPL34"
"440",4.33670103098071e-08,0.528108598915958,0.787,0.704,0.000821674744339916,6,"RPL10"
"441",4.42500845230872e-08,0.678020018890502,0.674,0.494,0.000838406351458933,6,"RPS16"
"442",6.12840741111505e-08,0.615830870513756,0.742,0.567,0.00116114935218397,6,"RPL19"
"443",9.07487615929807e-08,1.1253504506505,0.584,0.308,0.00171941678590221,6,"RPS27"
"444",1.1057708781073e-07,0.753907379293079,0.742,0.522,0.00209510408274989,6,"RPL11"
"445",1.35090157323857e-07,0.462497891504207,0.843,0.731,0.00255955321081512,6,"RPS8"
"446",1.48811801523115e-07,0.830532828095942,0.36,0.239,0.00281953720345846,6,"FAU"
"447",1.52764833673425e-07,0.871890813469819,0.685,0.397,0.00289443530361037,6,"RPS13"
"448",3.3334979829265e-07,0.640303730198541,0.697,0.486,0.00631597862825084,6,"RPL6"
"449",5.49094418925785e-07,1.27449630567105,0.764,0.444,0.0104036919553869,6,"TMSB10"
"450",7.48441456876791e-07,0.96685858333902,0.427,0.241,0.0141807202834446,6,"RPL35A"
"451",7.86787587070774e-07,1.08211932614817,0.337,0.179,0.01490726441223,6,"EEF1G"
"452",8.62791546193423e-07,0.819217514868108,0.337,0.239,0.0163473114257268,6,"RPSA"
"453",1.04777717819709e-06,0.63921797658877,0.742,0.534,0.0198522341953002,6,"RPS6"
"454",1.05661790005399e-06,1.04410111043252,0.506,0.255,0.0200197393523229,6,"RPS25"
"455",1.32507879320096e-06,1.35324305036404,0.36,0.144,0.0251062678947786,6,"SNHG29"
"456",2.23723015806254e-06,1.28056191096465,0.348,0.168,0.042388799804811,6,"RPL36A"
"457",4.31835829462721e-06,0.980024645319144,0.966,0.784,0.0818199346083018,6,"FTH1"
"458",5.36826381800999e-06,1.57961898561898,0.326,0.116,0.101712494559835,6,"RPS21"
"459",1.52729248872267e-05,0.570763197788229,0.798,0.7,0.289376107838284,6,"MT-CO1"
"460",1.75553721991841e-05,0.505829522321239,0.742,0.607,0.33262163705794,6,"RPL7A"
"461",1.77798823204904e-05,0.603907191664292,0.742,0.568,0.336875430326332,6,"RPL26"
"462",1.80132554443532e-05,1.29280719650206,0.494,0.232,0.341297150904161,6,"S100A11"
"463",2.25983854727987e-05,1.09117333533241,0.404,0.208,0.428171609553117,6,"PPIB"
"464",2.26295611931446e-05,1.16386568625555,0.258,0.114,0.428762295926511,6,"NPC2"
"465",2.99354260542371e-05,1.30320236786444,0.494,0.228,0.56718651744963,6,"SH3BGRL3"
"466",3.3076625649117e-05,0.892269266918336,0.438,0.262,0.626702826173819,6,"RPL23A"
"467",4.8826501025991e-05,0.64773488771943,0.258,0.158,0.925115714939452,6,"BGN"
"468",4.92964797067645e-05,0.637958750672318,0.562,0.362,0.934020401004067,6,"RPL14"
"469",5.81778586543795e-05,0.504013930217879,0.787,0.744,1,6,"MT-CO2"
"470",7.16771395669445e-05,1.17630594375635,0.798,0.475,1,6,"TMSB4X"
"471",7.71483574672444e-05,0.491485751319734,0.73,0.589,1,6,"RPL15"
"472",9.46904153431742e-05,0.875781144129767,0.787,0.491,1,6,"LGALS1"
"473",9.61830958317948e-05,0.937448032012454,0.427,0.236,1,6,"RPS20"
"474",9.68012070365889e-05,0.383296750563063,0.888,0.687,1,6,"FTL"
"475",0.000101287148937666,0.602402381263272,0.506,0.388,1,6,"RPL9"
"476",0.000171037631971625,1.11577530856549,0.371,0.181,1,6,"OAZ1"
"477",0.00021132410399114,1.00951557719133,0.348,0.185,1,6,"EEF1B2"
"478",0.000223372058055272,1.70989252442977,0.27,0.129,1,6,"DCN"
"479",0.000262901347974193,0.715510074387715,0.584,0.368,1,6,"RPS7"
"480",0.000305352332822179,0.433624930723981,0.753,0.735,1,6,"MT-ATP6"
"481",0.000389189308308753,0.850877635721406,0.326,0.182,1,6,"SPARC"
"482",0.000617359500118122,0.66921642211378,0.393,0.281,1,6,"IFITM3"
"483",0.000859912339539648,0.270780890172066,0.506,0.562,1,6,"MT-ND4"
"484",0.00111710079804543,0.82887678504054,0.652,0.477,1,6,"CD63"
"485",0.00172909550839354,0.668865256169712,0.472,0.308,1,6,"RPL24"
"486",0.00184145330817994,0.64423928569951,0.393,0.264,1,6,"RPL7"
"487",0.00210498397856551,1.01071805086956,0.27,0.148,1,6,"YBX1"
"488",0.00219274132879682,0.705380655829428,0.292,0.202,1,6,"CD59"
"489",0.00245460829853177,0.723714997209438,0.27,0.19,1,6,"ITM2B"
"490",0.00254589113041333,0.508280203898722,0.517,0.4,1,6,"RPL18"
"491",0.00268671729869056,1.25339881194383,0.438,0.237,1,6,"MIF"
"492",0.0046657762720678,0.498191386275138,0.404,0.286,1,6,"RACK1"
"493",0.00481874049571693,0.670350170730782,0.494,0.322,1,6,"COL6A2"
"494",0.00681149792369007,1.60360362616272,0.281,0.111,1,6,"LUM"
"495",0.00780054865388768,0.38214775205433,0.697,0.615,1,6,"EEF1A1"
"496",4.58324694908749e-62,2.13996733793054,1,0.959,8.68387799443606e-58,7,"MALAT1"
"497",1.2098165622127e-23,1.60009025911114,0.735,0.556,2.2922394404244e-19,7,"MT-ND4"
"498",1.04331571337639e-22,1.6149032140461,0.878,0.733,1.97677028213425e-18,7,"MT-ATP6"
"499",4.81738118997856e-18,1.95561230580966,0.735,0.32,9.12749214065238e-14,7,"MT-ND1"
"500",6.82727340387719e-18,1.80235042593026,0.592,0.256,1.29356349183261e-13,7,"MT-ND5"
"501",1.67522479556297e-17,2.06743817921558,0.776,0.333,3.17404842015317e-13,7,"MT-ND2"
"502",2.85704610334072e-17,1.35924563492469,0.898,0.743,5.41324525199966e-13,7,"MT-CO2"
"503",1.8878457659289e-16,2.24965526058167,0.755,0.412,3.57690137270548e-12,7,"NEAT1"
"504",8.77038444607536e-16,1.45800128968553,0.837,0.662,1.6617247409979e-11,7,"MT-CYB"
"505",1.84673770528182e-15,1.80352861712754,0.592,0.322,3.49901393019747e-11,7,"MT-ND3"
"506",2.0032987510666e-14,2.60357924519102,0.571,0.132,3.79565014364588e-10,7,"MTRNR2L12"
"507",9.67651045075797e-13,1.35316665344684,0.816,0.627,1.83340843510511e-08,7,"MT-CO3"
"508",1.94855670982949e-10,2.74760149523753,0.347,0.062,3.69193039811394e-06,7,"XIST"
"509",1.02774211761911e-09,1.14983806724824,0.857,0.7,1.94726299025292e-05,7,"MT-CO1"
"510",6.38267025056828e-08,1.25024117947097,0.286,0.226,0.00120932453237517,7,"JUN"
"511",1.70176814780654e-58,9.41144036978641,0.933,0.002,3.22434010964905e-54,8,"PECAM1"
"512",5.18183405518058e-57,2.93552816250789,0.867,0.26,9.81802098435065e-53,8,"HLA-A"
"513",6.01378879260156e-54,3.05217472921193,0.833,0.212,1.13943256253422e-49,8,"HLA-B"
"514",7.87400205649707e-40,8.4047766395054,0.7,0.002,1.4918871696445e-35,8,"CLDN5"
"515",3.72490443469999e-35,7.45724405939953,0.667,0.003,7.05757643242608e-31,8,"DEPP1"
"516",3.45351251130349e-34,3.11693743519732,0.833,0.144,6.54337015516671e-30,8,"HLA-C"
"517",1.78700426114819e-33,4.83163957418103,0.867,0.039,3.38583697359748e-29,8,"HLA-E"
"518",2.46775454081598e-29,8.87228155867838,0.467,0.001,4.67565452848403e-25,8,"ADGRL4"
"519",1.08901193121966e-28,4.2773349693846,0.8,0.053,2.06335090608189e-24,8,"TCF4"
"520",1.80652786867494e-27,9.36413465500805,0.467,0,3.42282835277842e-23,8,"SMAD1"
"521",1.02573258163418e-26,1.97974086784022,0.967,0.572,1.94345552242228e-22,8,"B2M"
"522",1.39336158417525e-26,7.95974439992872,0.5,0.002,2.64000219353685e-22,8,"PXDN"
"523",1.68059730160566e-25,10.5447069006499,0.4,0,3.18422770735224e-21,8,"PLVAP"
"524",3.12056978025362e-23,9.26459898145714,0.4,0,5.91254356264654e-19,8,"CD34"
"525",1.69068211067518e-21,2.00407143123392,0.8,0.313,3.20333539509626e-17,8,"RPS28"
"526",2.49268072528271e-21,6.13531596451217,0.5,0.007,4.72288217019314e-17,8,"PIM3"
"527",2.55785743437577e-21,7.09467398001483,0.433,0.003,4.84637248091177e-17,8,"RGCC"
"528",3.93632017160044e-21,9.04220656012069,0.367,0,7.45814582913136e-17,8,"SOX18"
"529",3.93632017161636e-21,9.04220656012069,0.367,0,7.45814582916151e-17,8,"ARHGAP18"
"530",7.10263240110898e-21,5.24913586406933,0.533,0.022,1.34573576103812e-16,8,"FABP5"
"531",7.50309450040834e-21,5.66077745348466,0.533,0.011,1.42161131499237e-16,8,"TM4SF1"
"532",1.29295987946983e-20,5.45724405939953,0.533,0.017,2.44977108363148e-16,8,"SPRY1"
"533",6.57388216685592e-20,7.35032885548302,0.4,0.002,1.24555345415419e-15,8,"CRIP2"
"534",3.73568052457978e-19,9.91667567803683,0.3,0,7.07799388992131e-15,8,"TM4SF18"
"535",4.454543690216e-19,4.92886508704474,0.533,0.027,8.44002392985226e-15,8,"PGF"
"536",2.14854898607304e-18,8.45724405939953,0.333,0.001,4.07085576391259e-14,8,"IVNS1ABP"
"537",3.06521587577207e-18,4.17925931209977,0.533,0.036,5.80766451982533e-14,8,"SPTBN1"
"538",4.78491157069396e-18,7.7791721542869,0.333,0.002,9.06597195299385e-14,8,"MYO10"
"539",3.15921372728672e-17,5.67963648073598,0.433,0.009,5.98576224909015e-13,8,"SH3BP5"
"540",4.45163425289469e-17,9.62716906084185,0.267,0,8.43451141895957e-13,8,"CD93"
"541",4.45163425289472e-17,9.62716906084185,0.267,0,8.43451141895963e-13,8,"CCL14"
"542",4.5981515121941e-17,8.91667567803683,0.3,0,8.71211767015416e-13,8,"CXCR4"
"543",9.72647633981042e-17,7.57272127681947,0.333,0.002,1.84287547210388e-12,8,"EGFL7"
"544",6.01747905518969e-16,5.73026255380595,0.367,0.015,1.14013175658679e-11,8,"ANGPT2"
"545",1.30870786082016e-15,6.25079318193211,0.367,0.005,2.47960878389596e-11,8,"LXN"
"546",1.95799991264807e-15,6.97181723222929,0.3,0.002,3.70982243449431e-11,8,"CDC42EP3"
"547",3.16601453666939e-15,4.16446231017169,0.533,0.036,5.99864774262749e-11,8,"CD9"
"548",2.24058018039927e-14,6.33171317731567,0.333,0.004,4.2452272678025e-10,8,"ESAM"
"549",2.40298551959195e-14,6.38685473150814,0.3,0.008,4.55293666397086e-10,8,"KLF2"
"550",2.40927605069702e-14,5.3197405356496,0.367,0.012,4.56485533325565e-10,8,"ETS2"
"551",4.27423503430612e-14,3.83275319449174,0.5,0.041,8.09839311949981e-10,8,"SELENOW"
"552",6.07830346057842e-14,5.5138275877659,0.333,0.009,1.15165615667579e-09,8,"TNFSF10"
"553",2.58115707979598e-13,2.50491049302985,0.767,0.141,4.89051831908945e-09,8,"H3F3A"
"554",5.34602623553291e-13,2.03578029096126,0.567,0.211,1.01291159084642e-08,8,"CALM1"
"555",1.42974800740057e-12,3.54470690064987,0.533,0.046,2.70894354962187e-08,8,"MAP1LC3B"
"556",5.46329039419229e-11,3.55035346379101,0.5,0.057,1.03512963098761e-06,8,"CCN2"
"557",9.21851485703009e-11,2.99781244076224,0.5,0.068,1.74663200996149e-06,8,"CCDC85B"
"558",1.03166936556114e-10,5.92672934270075,0.267,0.005,1.9547039469287e-06,8,"ITGA6"
"559",1.04621182391361e-10,4.32479376337588,0.367,0.021,1.98225754276912e-06,8,"YWHAH"
"560",2.50414337650432e-10,5.07022093629029,0.3,0.012,4.74460045546274e-06,8,"RGS16"
"561",4.20683537183057e-10,4.97181723222929,0.3,0.01,7.97069097900738e-06,8,"MGLL"
"562",4.86502135136797e-10,2.634977427938,0.6,0.18,9.21775595443689e-06,8,"FOS"
"563",6.74717651608866e-10,2.64254716200076,0.3,0.072,1.27838753450332e-05,8,"JUNB"
"564",9.19878884374295e-10,4.92119115915932,0.3,0.011,1.74289452222398e-05,8,"PDLIM1"
"565",1.14410780669665e-09,1.10618860180703,0.667,0.489,2.16774106134814e-05,8,"RPS3"
"566",2.21986592363265e-09,2.79276121903485,0.533,0.077,4.20597996550678e-05,8,"SPARCL1"
"567",6.09298078125411e-09,0.704648368744054,0.6,0.593,0.000115443706862422,8,"RPL15"
"568",1.87006086870005e-08,3.83275319449174,0.333,0.023,0.000354320432792598,8,"ODC1"
"569",1.36209814772777e-07,1.19823137698012,0.867,0.482,0.00258076736049981,8,"TMSB4X"
"570",1.5512568373891e-07,2.31428610555749,0.267,0.079,0.00293916632980113,8,"APLP2"
"571",8.82246319571532e-07,3.17520869163568,0.3,0.04,0.0167159210169218,8,"POMP"
"572",9.74653084180405e-07,3.43932215140227,0.267,0.03,0.0184667519859661,8,"CAVIN1"
"573",3.39971244779158e-06,3.03403262867499,0.333,0.044,0.0644143517483071,8,"WWTR1"
"574",4.60188609878185e-06,1.36222386697111,0.733,0.335,0.0871919359136197,8,"RPL23"
"575",8.20840607936916e-06,2.96539096306986,0.333,0.048,0.155524669985808,8,"HES1"
"576",2.18479591117666e-05,0.883596871906211,0.7,0.572,0.413953281290641,8,"RPL26"
"577",2.46821405926413e-05,3.26961705622376,0.267,0.031,0.467652517808775,8,"MARCKSL1"
"578",6.96176887231951e-05,1.99781244076224,0.433,0.134,1,8,"KLF6"
"579",7.16055857583172e-05,2.87228155867838,0.267,0.044,1,8,"EIF2S2"
"580",0.000151664630368622,1.97280843463234,0.4,0.106,1,8,"GNAS"
"581",0.000168853430253089,1.60341470754243,0.367,0.113,1,8,"GNG11"
"582",0.000190126388619794,1.41284994004108,0.533,0.203,1,8,"HMGB1"
"583",0.000239152364378355,2.24479444131066,0.367,0.083,1,8,"IER2"
"584",0.000289955185526583,1.36978121814919,0.5,0.181,1,8,"UBC"
"585",0.000626556177732314,0.919279038215546,0.6,0.408,1,8,"RPL30"
"586",0.000899601920931899,2.23227769439926,0.3,0.068,1,8,"TSC22D1"
"587",0.000981497030956102,1.28464987118124,0.333,0.191,1,8,"ITM2B"
"588",0.00178334163434379,0.557658264414248,0.633,0.581,1,8,"RPS23"
"589",0.00235938981978847,0.777977234348003,0.833,0.538,1,8,"RPS6"
"590",0.00335571441800647,2.21623595989574,0.267,0.082,1,8,"STC1"
"591",0.00436573738350455,1.37649664551517,0.433,0.215,1,8,"BTG1"
"592",0.00837816515845631,0.343028490543508,0.3,0.112,1,8,"APOD"
"593",0.00883833776992028,0.578682186849509,0.933,0.772,1,8,"TPT1"
