"","id","module","supermodule","dim_1","dim_2"
"1","S100A6",3,1,-1.14263181110876,-0.599164959458408
"2","GAPDH",2,1,1.9108149586056,-4.62062668469339
"3","S100A13",2,1,0.0762302456234201,-2.96718525555521
"4","KRT19",1,1,-0.583834928479363,0.929566386671963
"5","ADIRF",3,1,-1.26680163761633,-0.746745821503696
"6","KRT7",1,1,-1.64258674999731,0.437136534186307
"7","SH3BGRL",1,1,-0.100463670697381,1.17002815339178
"8","RPL41",6,1,-5.79299922009962,3.40595341059774
"9","BAG1",4,1,1.59104939082606,0.736073139639798
"10","RPS4X",6,1,-5.31416612586038,2.32069537374586
"11","CCND1",1,1,-0.720768732037713,1.822990502747
"12","S100A14",3,1,-1.06617717167394,-0.412979599503574
"13","RPS15",6,1,-5.83517946025388,3.28999877307028
"14","KRT8",1,1,-1.58690194508093,0.446485999556485
"15","S100A11",3,1,-1.25837163349645,-0.84738897946268
"16","RPS28",6,1,-5.74092305919187,3.3546330961904
"17","CYB5A",2,1,1.87421007731898,-4.62695908215433
"18","ATP5F1E",2,1,0.0798284588192208,-3.60919069912821
"19","MYL6",1,1,-1.55630664249914,0.0313729080876739
"20","SERF2",2,1,-0.0794117869998709,-3.58091568615824
"21","S100A16",3,1,-1.05341033360021,-0.539481636551914
"22","KRT18",1,1,-1.47889475246923,0.506232026549283
"23","RPS27A",6,1,-5.62902839204328,3.19560647341818
"24","RPL34",6,1,-5.60983983894842,3.43389582964987
"25","GPX4",2,1,-0.206565660443474,-2.68115162518412
"26","RPL6",6,1,-5.16011969467657,2.76282286974997
"27","LDHA",2,1,1.94635172465784,-4.55944990780741
"28","PLAAT3",7,1,0.169131475481819,-0.719230886963901
"29","EEF1A1",8,1,-3.49783460518377,2.35605070325941
"30","TIMP1",3,1,-1.59321622272985,-1.81834268238932
"31","UBL5",2,1,0.297235208544563,-3.66314053204447
"32","RPS10",6,1,-5.53585314473169,3.08213937613577
"33","PPDPF",2,1,-0.444452089276482,-2.93577646878153
"34","S100A10",3,1,-1.12694196125524,-0.886458870438632
"35","SRP14",1,1,1.11149092296107,0.268521908255521
"36","PRDX2",3,1,-0.665869516339471,-2.04989957478434
"37","RPL32",6,1,-5.55919682702081,2.68765056464285
"38","FTH1",2,1,-0.472670835461785,-2.67674660351664
"39","CLDN4",8,1,-1.56455926319616,2.72384679648489
"40","RPS14",6,1,-5.65664814135091,3.21957588526815
"41","RPLP1",6,1,-5.7825878085758,3.2340561184606
"42","SLC39A6",2,1,-0.592703145947625,-3.10984015133768
"43","LXN",8,1,-1.5172696532871,1.65751737687201
"44","RPL17",6,1,-5.05378596207159,3.11192941996664
"45","CHCHD2",2,1,-0.270678800549676,-3.77405905392557
"46","RPL19",6,1,-5.62999580523031,2.51401794287771
"47","RPL28",6,1,-5.46608384421127,2.52544486853689
"48","RPL39",6,1,-5.73030309101598,3.34974468085379
"49","RPL29",6,1,-5.34812796746412,2.32079136702627
"50","MIF",2,1,1.16587515452845,-3.8250281777659
"51","ATP5MC3",2,1,0.790290075335334,-2.54514813092142
"52","H3F3A",2,1,0.978252130541633,-3.0775015321055
"53","POLR2L",2,1,0.298851209673713,-3.72775435116678
"54","RPS26",2,1,0.885562139544319,-2.75211834576517
"55","DSTN",1,1,-2.01103429218786,-0.0640908446589081
"56","SLC25A3",7,1,0.183603960070442,-0.959772821930942
"57","RPL11",6,1,-5.5462012412216,2.61643344494909
"58","PTMA",4,1,3.13786430934412,1.51256451341719
"59","VAMP8",2,1,1.11711664775355,-3.03395914700418
"60","ATP5MC2",3,1,0.21636696437342,-1.57341742184549
"61","RPL26",6,1,-5.35111689848857,2.94504177901358
"62","AREG",1,1,-0.322786611523797,1.60789087745756
"63","RPS2",6,1,-5.05751312991636,2.34028292033285
"64","RPSA",6,1,-4.8708221437599,2.19741946789831
"65","OAZ1",4,1,1.52345676997645,0.530557635756436
"66","RPS13",6,1,-5.60987479707258,3.08768177363485
"67","RPL14",6,1,-5.27982449254053,2.29736519190878
"68","SKP1",1,1,-0.190972131695916,-0.340024229554233
"69","RPL35A",6,1,-5.74887762686269,3.2771708998403
"70","NACA",7,1,0.745285230669807,-0.569226976899204
"71","RPL37",6,1,-5.37744038460808,3.333966616126
"72","RPS3",6,1,-5.58430418094652,2.60186493727774
"73","PTP4A2",1,1,0.101690488848518,1.72058423194498
"74","AGR2",3,1,-1.01306275745886,-1.76608490612894
"75","DYNLL1",4,1,3.85076923945887,1.63169470760435
"76","RPLP0",6,1,-5.06269235631483,2.50968629452795
"77","C4orf48",2,1,-0.365589422192742,-3.17759298947245
"78","PRDX1",1,1,-2.44939951321142,-0.606403347519931
"79","COX6C",2,1,-0.222447675671746,-3.35510325100809
"80","FHL2",1,1,-1.6375158252384,0.92730754944891
"81","RPL37A",6,1,-4.93938903233068,3.46436405512899
"82","RPS12",6,1,-5.41952380260484,3.00089359614462
"83","RPS24",6,1,-5.49901497086542,2.79019767376989
"84","RPL15",6,1,-5.19131268283384,2.58009624812216
"85","RACK1",6,1,-5.24291171601074,2.27558309170813
"86","RPL35",6,1,-5.64323238750951,3.53911578986258
"87","MRPL41",2,1,1.81820555308802,-2.3397633996287
"88","H2AFJ",2,1,1.45476074794276,-2.89127277996927
"89","GABARAP",7,1,-0.13248614689367,-0.688169714478549
"90","UQCRQ",2,1,0.19245977977259,-3.45002960827738
"91","TXNDC17",2,1,0.562734323534797,-3.20128893521219
"92","RPL8",6,1,-5.58075785359399,2.61154681775183
"93","CFL1",3,1,-0.863230031933953,-0.932002064255771
"94","CD24",8,1,-1.55730537792699,1.32792884442419
"95","EIF1",4,1,1.5867273388241,0.16504371497244
"96","RPS27",6,1,-5.56699782332437,3.26415205332846
"97","RPL36",6,1,-5.76529614349859,3.40591752860159
"98","MALAT1",5,1,1.25215073207362,2.31987503501982
"99","TKT",1,1,-2.37432722469824,-0.518587109116611
"100","COX5B",2,1,0.697753149065803,-2.58573698666483
"101","RPL7A",6,1,-5.34596031859549,2.375580343934
"102","ATP6V1G1",4,1,1.54009218791468,0.609551671477261
"103","RPL23A",6,1,-5.04717521091955,3.27371633383841
"104","EEF1D",6,1,-5.70419256111639,2.80301934811682
"105","RPS8",6,1,-5.02041493078725,2.87487876746267
"106","BZW1",5,1,0.960938650164436,1.03861785266012
"107","SH3BGRL3",3,1,-1.26532916447179,-0.847183939484653
"108","PEBP1",3,1,-0.194766801800896,-1.28436708119303
"109","RPS6",6,1,-5.04893411418455,3.2669626507482
"110","PGK1",2,1,1.9236323414181,-4.5890662637034
"111","TSTD1",2,1,-0.095900815930535,-3.368554827241
"112","MSI2",5,1,0.305931764635871,2.06337093147844
"113","RPS23",6,1,-5.2645715521838,3.14155972334951
"114","RPL18",6,1,-5.68988246938245,3.04316413733572
"115","SOD1",3,1,-0.522800249066521,-2.1825778451243
"116","ATP5ME",2,1,1.50741835216029,-2.99040293362528
"117","LGALS1",2,1,0.905965047869514,-3.58458637860208
"118","RPL10",6,1,-5.38230535855549,2.41659128996939
"119","RPL12",6,1,-5.46183702817218,2.65360731217474
"120","NDUFS5",2,1,0.567712026629279,-3.0083310570994
"121","PFN1",3,1,-0.82284955402868,-1.03831934597879
"122","B2M",3,1,-2.40368680378454,-2.12879967358499
"123","RPL3",6,1,-5.19057714661615,2.33959430787176
"124","RPL9",6,1,-5.03970978876608,3.25947881075949
"125","SELENOW",3,1,-1.41122345348852,-0.982506748704013
"126","RPS18",6,1,-5.32638993954318,3.02688134047598
"127","TPT1",6,1,-5.1294675143625,2.6092557940206
"128","UQCRB",2,1,0.0676037845943673,-3.53669714596659
"129","RPS15A",6,1,-5.46557786038177,2.69127536151022
"130","UQCR10",2,1,1.56981201747401,-3.00123667385965
"131","RSRP1",5,1,1.68889017680628,1.57233089539618
"132","HSPB1",4,1,2.16620178798182,0.306787970992032
"133","NME2",2,1,2.23263283351405,-1.48751949932962
"134","RPL21",6,1,-4.58136610409277,3.47238493296713
"135","NQO1",1,1,-2.26081971546667,-0.448837038544711
"136","RAN",4,1,3.26396580317957,0.0703676972112091
"137","RPL18A",6,1,-5.42196559628503,2.56773388716787
"138","COX7C",2,1,0.13821812251551,-3.48763775494486
"139","RPL30",6,1,-5.60173414370077,3.06741488310904
"140","PFDN5",6,1,-5.69544253965871,2.94923472735495
"141","KRT15",5,1,-0.21231488605993,3.02747190329641
"142","ATP5IF1",3,1,-0.212365907635857,-2.23887180951029
"143","RPLP2",6,1,-5.04368193170087,3.47417676779837
"144","EDF1",3,1,0.489528852495979,-2.38668036129862
"145","COA4",2,1,2.08132477382166,-1.93600630429178
"146","MGP",8,1,-1.10270146748083,2.43407464358419
"147","EID1",7,1,1.10901852229578,-1.13282894757181
"148","RPL27",6,1,-5.16086914857881,3.35138070914358
"149","NDUFB4",2,1,0.515503126177619,-2.51411080029398
"150","TPM1",1,1,-1.6970587196018,0.517338994475308
"151","RPS5",6,1,-5.44495765587347,2.4648836288175
"152","SRSF4",5,1,2.13592596629603,1.74188126954645
"153","DBI",2,1,1.43701954463465,-2.58798622754007
"154","SRSF9",2,1,1.23255844691737,-2.34219813015848
"155","RPL13A",6,1,-4.36772690435903,3.5221660170278
"156","TACSTD2",8,1,-1.87446026226537,1.18513149354071
"157","RPL10A",6,1,-5.38701900934832,2.34742448064894
"158","CITED4",7,1,1.13303680995447,-0.767142292527255
"159","C19orf53",2,1,1.29357977488978,-2.74203848507791
"160","TCEAL4",1,1,0.0523387966488107,1.31795686814398
"161","RPL36A",6,1,-5.23461658230083,3.27567434641928
"162","MRPL33",2,1,1.55961151698572,-2.75414824154764
"163","WFDC2",1,1,-0.165170473065545,1.08050692412466
"164","RPS3A",6,1,-5.18261019608038,3.07440281245321
"165","NEAT1",5,1,1.14622183421595,2.32065055105299
"166","RPS7",6,1,-5.51716461500185,2.70249551865667
"167","FOS",8,1,-1.38009719273107,1.63348278734297
"168","RPS16",6,1,-4.97051138898389,3.3891960415563
"169","TPM3",4,1,2.71216984370692,1.09627092215628
"170","SET",4,1,2.58812113383753,1.39816439482779
"171","FXYD3",3,1,-1.4047379912998,-1.84159850743204
"172","TMSB4X",3,1,-1.1704256953861,-0.760284897355136
"173","CSTB",1,1,-0.888719362225701,0.741344574423733
"174","SCCPDH",1,1,-0.749718469586541,1.66936366591066
"175","RPL13",6,1,-5.35669101636889,2.9317928585729
"176","SAT1",4,1,2.11317606547816,0.715562585326138
"177","RPS19",6,1,-5.70274750610845,3.19659114214987
"178","DDAH2",7,1,0.236511903796027,-0.879032370118198
"179","NPM1",7,1,0.468743997607063,-0.360100981263217
"180","COX8A",2,1,0.66854734996302,-3.34721016552835
"181","RPS25",6,1,-5.18742979785459,3.26117718550772
"182","HNRNPF",4,1,3.01226540187342,0.761930707426968
"183","XBP1",8,1,-1.10706834217565,1.88857486243755
"184","RBX1",2,1,1.44754000285609,-2.75749563839823
"185","CCNI",7,1,0.877896982226203,-0.39300346043497
"186","DEK",4,1,3.38721581080897,0.684579494925442
"187","EIF3K",3,1,0.510315614733527,-2.31706213620096
"188","CALM2",4,1,3.73172493556483,1.7758798483333
"189","COX6B1",2,1,0.209357458147834,-3.28723311093241
"190","RAC1",3,1,0.445102411303352,-1.25457524922281
"191","HINT1",2,1,0.501722055468391,-2.55696129467874
"192","SMIM22",2,1,-0.0536239566470877,-3.31818270352274
"193","RNF7",7,1,1.34015865901453,-1.19386553433329
"194","ARPC3",3,1,-0.197834772076775,-1.24977969792276
"195","RPS29",6,1,-5.08208529373663,3.47721171710104
"196","GSTP1",3,1,-1.10478619953649,-0.921330448655185
"197","HSP90AA1",4,1,2.36274452784998,0.272488954993191
"198","UFC1",3,1,-0.338322919812371,-1.19116115239054
"199","RAB11FIP1",1,1,-0.690776151623894,1.58128050300688
"200","EIF1AX",4,1,2.92821522334559,-0.0815767016687958
"201","UBB",4,1,2.17621584514124,0.323897961111966
"202","COX7B",2,1,0.524595457110236,-3.25689005520731
"203","BTF3",7,1,0.442691045794319,-0.728445526627597
"204","SNRPB",4,1,3.15557308772547,0.415191772910062
"205","RPS21",6,1,-5.64946819564359,3.18681907984823
"206","H3F3B",4,1,1.52000542262537,0.891595843764249
"207","GTF2A2",7,1,1.46776171306116,-1.29521393444925
"208","UQCRFS1",2,1,1.9032032070492,-2.20120882656961
"209","ENO1",2,1,1.8745052395199,-4.61502527859598
"210","RPL27A",6,1,-4.35646132847326,3.51524198386282
"211","TMSB10",3,1,-1.31365899464147,-0.923705812958774
"212","SELENOH",2,1,1.69678040126307,-2.618883368043
"213","MZT2B",2,1,0.369916635546516,-3.16573547985941
"214","AMD1",4,1,2.44905205348475,0.84567833277792
"215","VDAC3",3,1,0.440849500689338,-1.5818288293162
"216","GLRX5",7,1,1.69746275523646,-0.354981657532748
"217","RPL36AL",7,1,1.47905512431605,-1.25526141789347
"218","PPP1R14B",2,1,2.40151043513758,-1.26604294445902
"219","NDUFA4",3,1,-0.585169595685174,-2.31857084896952
"220","MYL12B",1,1,-1.38174800297277,-0.156395670441684
"221","EEF1B2",6,1,-4.99194948097723,2.20882699224562
"222","PKM",2,1,1.85867186168177,-4.65370487835794
"223","JTB",2,1,1.47552891353113,-1.77516269352823
"224","ATP5MF",2,1,0.370790201220344,-3.23646521237284
"225","RPL23",6,1,-4.213395637479,3.50863302085012
"226","ASPH",1,1,-2.33783392330663,-0.370798346070346
"227","OST4",2,1,0.0738131580684884,-3.73042845394999
"228","GHITM",7,1,0.466905313525031,-0.640501495865878
"229","METRN",2,1,-0.423870843854119,-3.16247200634867
"230","TMA7",2,1,0.632224279436897,-3.68038105633646
"231","RAB25",3,1,0.476254182848762,-1.24472927716165
"232","TMEM59",3,1,-1.76327638050573,-2.29395699170023
"233","NAA38",2,1,0.317290502581428,-2.96575855877787
"234","RPS9",6,1,-5.62052155753629,2.83211112353415
"235","MICOS10",2,1,1.35867710689051,-3.07777809765726
"236","MRPS34",2,1,2.17718048671229,-1.71304917004496
"237","CD55",8,1,-1.45181326290624,2.35331860515684
"238","UBE2S",4,1,3.80521889308436,1.81163108679861
"239","ELOB",2,1,0.272581296953986,-3.16555380490213
"240","MARCKSL1",7,1,0.169489580187629,-0.345457312134799
"241","MYOF",1,1,-0.332683843579461,2.21595990988821
"242","VDAC1",4,1,2.55733843425257,-0.623542543915805
"243","HNRNPA2B1",5,1,2.36082192042811,1.99248930397839
"244","FDPS",8,1,-2.41669706722753,1.76165473792166
"245","CD59",8,1,-0.939016622510125,2.71809810731024
"246","PDIA4",2,1,-1.37041620632665,-4.72839617398172
"247","NOP10",2,1,1.60065718272669,-2.73628925946146
"248","SERPINA3",8,1,-0.83015231510656,2.65570217702002
"249","MPHOSPH8",1,1,0.789687830004524,0.209207776518765
"250","PSMD8",3,1,0.451355653796027,-1.13412141468912
"251","RPL4",6,1,-4.83987395187872,2.31221601698011
"252","TRIR",4,1,3.065004545245,0.301180962058011
"253","UBA52",6,1,-5.97953359505193,3.05437445971579
"254","RPS11",6,1,-4.28767959496038,3.53860688540548
"255","SF3B6",4,1,1.82375021556361,0.315739038916531
"256","RPL38",6,1,-5.13586842736261,3.42527902457327
"257","HMGN1",4,1,3.20988865474207,1.56908619734854
"258","ST13",5,1,-0.0144861163760917,2.69005138012976
"259","UBC",4,1,1.69077749827845,0.752067450018826
"260","H2AFZ",4,1,3.63051052669031,0.649524453612271
"261","AZGP1",3,1,-1.88813857456701,-2.42570185330301
"262","DYNC1I2",1,1,-0.120338243451287,0.760894778700772
"263","SNHG29",6,1,-4.99521226903455,2.27726254198164
"264","MT-CO2",1,1,0.299394327196906,0.942233863802853
"265","NDUFB7",2,1,0.770251470599006,-2.57196306851297
"266","METTL5",7,1,1.05289955714686,-1.52032923367411
"267","MT-ATP6",6,1,-4.00791494270818,3.39632034632772
"268","ATP5MC1",2,1,1.39443750956995,-2.32466053631693
"269","GNPNAT1",4,1,2.34952135661585,-0.224490400818881
"270","JUND",5,1,1.20468922236903,1.19458377692312
"271","MYL12A",1,1,-1.77891687771337,0.49192667338461
"272","BEX3",2,1,-0.263533395734002,-3.28183102276712
"273","RPS27L",2,1,0.650517660174201,-2.94971775677591
"274","STUB1",2,1,1.45284100154383,-1.74919032719522
"275","TAX1BP1",1,1,0.0409061489437326,0.619815352889004
"276","PSMB6",3,1,0.67525311091883,-1.74627852108866
"277","WDR83OS",4,1,1.65776796916468,0.502004865141812
"278","APRT",2,1,2.29936857799036,-1.54143285420328
"279","ARL6IP1",4,1,3.75371857264979,1.86266306001157
"280","ANXA2",3,1,-1.17157153507726,-0.738089319733676
"281","HLA-A",3,1,-2.39364604374426,-2.1331508126536
"282","UQCRH",2,1,0.0965597210262521,-3.18509936001688
"283","ATP1A1",8,1,-0.871099275555779,2.99289608332724
"284","NDUFS6",2,1,1.3059770641659,-2.527894255189
"285","UBE3A",5,1,0.43766995051844,2.30688265297026
"286","COMMD4",4,1,3.65092201808436,0.638727191420499
"287","FAU",6,1,-5.84156949540632,3.04211747977346
"288","PSMB2",3,1,0.549142557177375,-1.95357989933878
"289","LGALS3BP",3,1,-2.35641817471044,-2.09225201275736
"290","EIF4A1",2,1,2.38348885158045,-0.849080797699985
"291","ATP5PF",2,1,0.737602907213996,-3.06248068478495
"292","SUB1",2,1,0.984276014361213,-3.11112999585062
"293","IER2",8,1,-1.37866119762914,1.81222333345026
"294","NDUFC2",2,1,0.210841375384162,-2.89707970288187
"295","SRP9",4,1,2.9035694179867,1.71088116201967
"296","PTGR1",1,1,-2.36219505688207,-0.569712873963413
"297","TUBB4B",4,1,3.81083794215662,1.73541407618136
"298","EIF2S2",7,1,1.49441071132166,-0.562893387345371
"299","HLA-B",3,1,-2.39997748753088,-2.12117409375101
"300","ACTB",1,1,-1.76189593693273,0.512703779669705
"301","RPS20",6,1,-4.25054804703252,3.56660008761496
"302","KRT23",1,1,-0.428021711316277,2.1324996087274
"303","NDUFC1",2,1,0.589754301104377,-3.22727131512552
"304","PSMA3",3,1,0.564390378985236,-1.92007374432474
"305","CLIC1",3,1,-0.637327951398064,-0.988987442521152
"306","RTF1",1,1,0.973779874834846,0.271960023375455
"307","MT-CO3",1,1,0.107179361376594,1.20187479588598
"308","MT-CO1",8,1,-1.39847306629675,2.70232189032644
"309","DUSP4",8,1,-1.10357932468908,2.28517845604033
"310","CSNK1A1",1,1,0.228152471575569,1.3282020125112
"311","CALM1",4,1,1.24984331706507,0.477458241911832
"312","GPS2",1,1,0.327637868914436,-0.00813316967874456
"313","PAK2",1,1,0.673950868639777,0.870545390578213
"314","PSMB5",3,1,0.680886941943,-1.87776088383585
"315","ARPC1B",3,1,-0.683468622174431,-0.743489262131747
"316","MLF2",3,1,0.288180070910285,-1.97221898701578
"317","PTMS",5,1,2.53015966990931,1.91196495765284
"318","NCL",4,1,2.4596783695553,1.26844168040365
"319","MPG",3,1,0.0537883816097482,-1.32654404309183
"320","C4orf3",2,1,1.90395947078211,-4.54507279065042
"321","C12orf57",6,1,-5.88360748907583,2.84908771845907
"322","SLC25A5",6,1,-4.67055283209341,2.01530535850138
"323","SCP2",1,1,-0.373100561108758,-0.102021214036044
"324","TUBA1A",1,1,-1.20837764164465,0.35276389453024
"325","PNRC1",8,1,-1.56277660748022,1.64616623851866
"326","COA3",2,1,1.71577187159998,-2.56406187680155
"327","RPS17",6,1,-4.25379328152197,3.55771863791555
"328","HNRNPK",5,1,0.869373518023322,2.3826473686418
"329","MRPL20",2,1,1.5804721889828,-2.31297707226664
"330","CLTB",1,1,-1.47711448093908,-0.00248264935403752
"331","PRNP",1,1,0.35060711482508,1.33932739827246
"332","TXN",1,1,-1.95381168743627,-0.731501099137363
"333","ECH1",3,1,-0.411045831647088,-2.16609406140238
"334","HLA-C",3,1,-2.40424065014379,-2.13087391522318
"335","RHOV",8,1,-1.43255571743505,2.72447997662634
"336","SLC25A6",6,1,-4.81188849827306,2.10512413415522
"337","RAB5C",1,1,-0.421114248242547,-0.0674257245340912
"338","FKBP1A",3,1,-1.03806332966345,-0.740581985978183
"339","RAB13",3,1,-0.507974904980828,-0.976405140427646
"340","RHOA",1,1,-0.101381582226922,-0.250379559067783
"341","ATP5F1D",2,1,0.712615209612678,-2.28598570492655
"342","RNF181",2,1,0.951423841509651,-2.63214850094706
"343","PLK2",8,1,-1.27400712391393,2.52267271611303
"344","SERBP1",4,1,2.67474384883387,0.883375051947537
"345","SNRPG",4,1,3.15643902400477,-0.335101362732944
"346","CISD1",2,1,1.20072193721278,-2.27193522122293
"347","LSM3",4,1,3.59157868007166,0.56819153163046
"348","YWHAB",1,1,-0.447587770428826,0.251054528685513
"349","VDAC2",7,1,0.629051881823371,-0.864440437821445
"350","HNRNPA3",5,1,2.32117910960657,2.03168656262964
"351","CCT6A",4,1,2.44061632731898,-0.230101582078037
"352","ANAPC16",7,1,1.13413067439539,-1.13184880879312
"353","ATP5PO",3,1,0.198983865771125,-2.11026072171122
"354","SQSTM1",1,1,-2.36269716640966,-0.455252405671176
"355","MTCH1",8,1,-0.982365888562371,2.9462063345632
"356","MT-CYB",1,1,0.103496271166633,1.04718512627691
"357","ATP5MD",2,1,0.55890436748011,-3.44289040234476
"358","UGP2",8,1,-0.855855745282342,2.96374929282278
"359","ENAH",1,1,-0.22531537434118,2.13237712118238
"360","NDUFA13",3,1,-0.603558343854119,-2.29577850964457
"361","PTGES3",4,1,2.38589735606654,-0.070981737641391
"362","PHLDA2",1,1,0.419525819811652,0.972972873183194
"363","MORF4L1",1,1,0.507675367388557,0.658245805235806
"364","RAB14",1,1,0.285797792467902,0.636247161360684
"365","RTRAF",3,1,0.436311918291877,-1.28857445385843
"366","HES1",8,1,-1.54322795292394,1.8573762025258
"367","DNAJC1",1,1,0.0904895840023263,0.352696779700223
"368","CHMP3",1,1,-0.463047784772088,0.0648134979924591
"369","TUBB",4,1,3.71135445216639,1.47600382897467
"370","NAP1L1",6,1,-4.15947942158239,3.48174143168539
"371","TXNIP",1,1,0.176444250140022,0.254398349257413
"372","GALNT6",1,1,-0.835688871350457,1.78359745773882
"373","PPIA",3,1,-0.760492128338982,-1.44260072377115
"374","TAGLN2",3,1,-0.899966520276238,-0.74942755368143
"375","NPC2",3,1,-1.55136398693578,-1.6418817010203
"376","TXNL4A",2,1,2.13361282924158,-1.72357129719644
"377","FTL",7,1,1.05876751521571,-1.06072830822855
"378","ANP32B",4,1,3.07053585628016,1.30791396233648
"379","CBX3",4,1,2.96928139308436,1.30386162135214
"380","HEBP1",7,1,-0.110356611218621,-0.673393961457309
"381","DDX5",5,1,0.780377584490608,1.61901602480024
"382","ZFP36L2",8,1,-1.50778893848913,2.00431800964684
"383","EEF2",8,1,-3.31948165318029,2.40281948778242
"384","CYCS",2,1,-0.52477483173864,-4.34342264798075
"385","PABPC1",8,1,-1.18136243244665,2.90722900960058
"386","SOD2",5,1,1.04467602351649,1.46795833441824
"387","METAP2",4,1,1.37953777888758,0.941793981524411
"388","CAPS",3,1,-1.26571874043005,-0.640353676346835
"389","DDT",2,1,1.4502436695431,-3.07628559735208
"390","HSPA8",4,1,2.49762602427943,0.381711247893277
"391","CCPG1",1,1,0.00243778804285366,0.141220215292874
"392","SMIM26",7,1,1.42990561107142,-1.27688741352945
"393","ANXA5",4,1,1.42116280177576,0.615931752654019
"394","RSRC2",5,1,1.5931765613888,1.28231269452185
"395","MGST3",3,1,-0.637565893140008,-1.34271716740518
"396","KPNA2",4,1,3.81443329432947,1.83509824755997
"397","COX7A2",2,1,0.481759744677375,-3.43560576107889
"398","HSPE1",2,1,1.93906708339197,-1.93236851361185
"399","TPI1",2,1,1.92080898860438,-4.5562202897349
"400","TBCA",2,1,0.611040311846565,-3.25609469082743
"401","HNRNPM",5,1,2.05598421672327,2.17660448286146
"402","EIF5",4,1,1.26163645366175,0.620119932623807
"403","TMOD3",1,1,-0.135704320874383,0.941652360888425
"404","RBPMS",1,1,-1.8265388431217,0.568808201285306
"405","NEDD8",2,1,0.397961813006233,-3.22779345181375
"406","PRDX5",3,1,-0.714095872845818,-2.1374757256785
"407","DCTN3",3,1,0.311529832873176,-2.44785189297586
"408","PGP",4,1,3.3850900707577,0.322801950903836
"409","ARHGDIB",1,1,-0.526877683606316,1.19665843579382
"410","RNASEK",4,1,1.42287178615076,0.465942624541226
"411","RBP7",1,1,-0.368724149670769,0.683835867377225
"412","NAP1L4",4,1,2.66792030909998,1.15638804766745
"413","CSDE1",5,1,0.287077146563361,2.91775608393759
"414","SNRNP25",4,1,3.53085823634608,0.421820763083401
"415","EIF4B",8,1,-3.08248929401891,2.40302151772589
"416","WDR45B",5,1,1.10490866282923,0.9476112756452
"417","NDUFAB1",2,1,0.812715726885627,-2.28207134869486
"418","ACTG1",1,1,-1.62358240505712,0.476489904852811
"419","YWHAZ",1,1,0.214845853838752,1.11287701460928
"420","ENY2",7,1,1.4007527408932,-1.69307088520914
"421","DSP",1,1,-0.377188009228875,2.03177786204428
"422","NDUFA1",2,1,0.304466920885871,-3.53973745968729
"423","TSPO",3,1,-1.14314298054235,-0.90328931477457
"424","PRXL2A",1,1,-0.653157991376092,0.138007167311612
"425","CBX5",4,1,3.31755657771571,1.18876815173239
"426","C5orf38",7,1,1.01184053996546,-0.757842775849399
"427","DGUOK",4,1,1.71086044887049,0.385870698424283
"428","DHRS7",3,1,-0.855755609479119,-1.64922141697794
"429","ATXN10",3,1,-0.772109312024285,-0.60990643170267
"430","NDUFB11",2,1,0.0206424770687326,-2.88213276532083
"431","NDUFS8",3,1,0.066760259661506,-2.16614889767557
"432","GUK1",2,1,-0.27693251987951,-3.53975176480204
"433","RNASEH2C",4,1,3.70284958461268,0.469281795950833
"434","NDUFV2",3,1,0.543727117571662,-1.56802606251627
"435","CCNL1",5,1,1.73253079036219,1.65774894091696
"436","TSC22D1",8,1,-1.53002170940893,2.65094089839071
"437","ARHGAP29",1,1,-0.639864725079705,2.35441580745787
"438","CLDN3",8,1,-1.62791137119787,2.69290495249838
"439","NUCB2",3,1,-1.61692551991003,-2.64893793728739
"440","SLC3A2",4,1,1.71661635020716,0.739940288992825
"441","CSRP1",1,1,-1.85148410221594,0.705645087691251
"442","PRDX6",1,1,-2.34231047054784,-0.629856344727573
"443","NDUFAF3",3,1,0.214236932787727,-1.92741846707254
"444","TRMT112",2,1,0.916773038897346,-2.60399269726664
"445","TM4SF1",8,1,-1.78462175747411,1.383697811099
"446","COX4I1",3,1,-0.274693769421746,-1.8863337006846
"447","CFAP36",3,1,0.473569589648078,-1.41256761219889
"448","BCL7C",4,1,3.59826965907557,0.579617026778165
"449","UBE2V1",1,1,0.0960633335445626,0.551464322539273
"450","HNRNPAB",4,1,3.09848042109949,0.808389905425015
"451","CD9",8,1,-2.00591401478307,1.33935147854895
"452","UPF3A",1,1,0.598550992998908,0.27101135584921
"453","GAS5",7,1,1.52713604548914,-0.437074419526157
"454","NENF",2,1,-0.630430978741814,-3.30760359433084
"455","ARF3",3,1,-0.731310171094109,-0.661210295228061
"456","CALM3",2,1,0.500482755694221,-3.42756628659159
"457","CIB1",2,1,1.53910370448572,-2.30404591229349
"458","SYF2",4,1,1.48814697841151,0.798483971091214
"459","MGST1",1,1,-2.28205851933019,-0.645585772065219
"460","TMEM258",2,1,-0.644392770734002,-4.30230450299173
"461","SNF8",3,1,0.498694139513801,-1.49046444561869
"462","KTN1",1,1,0.0253293094967111,1.86006863373727
"463","ALDH3B2",1,1,-0.880608362164666,1.31526220175833
"464","JUNB",8,1,-1.49436692616003,1.70808756682486
"465","HSBP1",2,1,0.264622407946418,-3.21455025341898
"466","MRPL57",2,1,1.7790429172848,-2.22155499127298
"467","BLVRB",1,1,-2.12073139568823,-0.598551746872958
"468","ANAPC11",2,1,0.809951978716682,-3.4117529359141
"469","RWDD1",1,1,1.06584616282923,0.0482836994847686
"470","TMEM256",2,1,0.156273561510871,-2.90363526013285
"471","RNMT",1,1,1.15242310145838,0.0529704127034576
"472","SEC61B",2,1,-0.866168779339959,-4.55980944302469
"473","SAP18",4,1,1.59229870418055,0.605509403677884
"474","DHCR24",1,1,-0.785324853863885,2.12316276464075
"475","RHEB",4,1,1.77580233195765,0.805491927596036
"476","AP2S1",3,1,-0.560016435589959,-1.86704826023966
"477","YWHAE",4,1,1.40755816081507,0.967885199519101
"478","LRRFIP1",1,1,-0.266022485699822,0.725357655020657
"479","TPM4",1,1,-1.66077093502538,0.603084805937711
"480","NDUFA12",3,1,0.391534048113654,-2.09265875485331
"481","ARL6IP4",3,1,0.266031461748908,-1.71276402142435
"482","GIPC1",1,1,-0.641048711743523,0.165731552573148
"483","RHOD",3,1,0.810404497179817,-1.84577726986795
"484","MAP3K13",2,1,1.39740963557703,-2.63359856274515
"485","SPINT2",3,1,-1.66529540440099,-2.35788941052347
"486","TCEA1",1,1,0.920021730456184,-0.0602766242304413
"487","CD63",3,1,-1.12754182240026,-2.11980271008402
"488","TRAPPC5",2,1,0.982614713702033,-2.49446653988749
"489","STRAP",7,1,1.7893960056637,-0.0912139382639496
"490","PSMD3",3,1,0.773442464861701,-1.65995597508341
"491","MUC1",2,1,-0.538899702038933,-3.07531428006082
"492","TMBIM6",3,1,-1.89754728695409,-2.33217882779032
"493","SRRM1",4,1,2.79057713130457,0.903474334212247
"494","NME4",2,1,-0.388316911664178,-3.0745947327891
"495","SNU13",7,1,1.59127827266199,-1.45139789250284
"496","LAMP2",3,1,-2.22644023319738,-2.15940355923563
"497","CALR",2,1,-1.43536333462255,-4.66010021832376
"498","ATP6V0C",4,1,1.63946028331263,0.649540308447781
"499","CLIP1",1,1,-0.403182786908318,2.13832901749224
"500","TBL1XR1",1,1,0.0415293751095041,1.91998436330282
"501","CHMP2A",3,1,-0.265203756299187,-1.45909785893351
"502","PSAP",3,1,-2.36055402180212,-2.13190006878763
"503","TOMM7",6,1,-5.61690984388845,3.42885506484121
"504","ZFAS1",7,1,1.66465921977503,-0.350413080720004
"505","CHCHD1",2,1,1.64610310176356,-2.49459862378031
"506","HEBP2",1,1,-0.565060419049431,0.137512329550687
"507","HSPD1",4,1,2.31895895579798,-0.22004055645853
"508","AHCYL1",5,1,0.0502078113888009,3.01626837584585
"509","RAD23B",5,1,0.573997217211555,2.5526961121282
"510","PRELID1",2,1,2.05360813716395,-1.78609966900736
"511","COMT",3,1,-0.597385210004021,-1.58057546284586
"512","NDUFA11",2,1,0.435559469256233,-2.92541622784525
"513","POMP",2,1,0.809686380419563,-2.75619387295633
"514","AP2M1",3,1,-0.806057733502556,-0.363844152955112
"515","ENSA",1,1,-0.492542547192742,-0.290447947053012
"516","CBR1",1,1,-1.29763011356847,0.212814095946255
"517","LMNA",1,1,-1.18891744038122,0.535106543036404
"518","MT-ND4",5,1,0.818713384661506,3.29277837607473
"519","NOL7",7,1,1.08383198359949,-1.4017636742869
"520","EIF3I",7,1,0.680886941943,-0.924236532715854
"521","PET100",2,1,0.465160566363166,-3.03470635083109
"522","AKR1A1",1,1,-2.48601130863683,-0.557106014756259
"523","SF3B5",2,1,1.77280827144129,-2.66316914227396
"524","BNIP3L",2,1,1.95966454127772,-4.53757691052347
"525","PAWR",1,1,-1.7948198737766,0.428644183607999
"526","TALDO1",1,1,-2.34904698750036,-0.638933655289706
"527","POLE4",2,1,1.71651001552088,-2.93810724881082
"528","MZT2A",2,1,0.496904569659065,-3.2397296395579
"529","EIF3E",7,1,0.784483629259895,-0.387941834000644
"530","BTG1",7,1,1.1054794369076,-0.581099983719882
"531","TOMM5",2,1,2.61162253001673,-1.37912845280558
"532","YPEL3",8,1,-1.83714346310156,1.20649147364706
"533","ELF3",8,1,-1.56939677616613,2.60573339793295
"534","MDH2",3,1,0.0439841327999337,-2.04169869091898
"535","KRT10",7,1,1.47148438075526,-1.08582591679483
"536","MGAT4A",1,1,-0.925771993603875,2.04692927333921
"537","DFFA",4,1,2.87401600459559,-0.190835234192905
"538","TMCO1",3,1,-0.954614442792107,-2.01323508885294
"539","HP1BP3",4,1,3.58318539241297,1.77617250713915
"540","CNN3",2,1,1.97197361567957,-4.45122933056742
"541","ETFB",3,1,-0.66084889790075,-1.64736008313089
"542","DDX39B",5,1,1.78311176875574,2.10272822115034
"543","ARPC2",1,1,-1.09020833393591,0.277357820006314
"544","PROM2",5,1,-0.329787534680535,2.9172517094335
"545","EIF4A2",1,1,0.702901559862922,-0.106214281586704
"546","NDUFB2",2,1,0.6471054134701,-3.25024914410501
"547","CUTA",3,1,-0.0315359058048026,-2.50210594799906
"548","PNRC2",5,1,1.62482281306727,1.33188391062826
"549","DDX24",4,1,1.53094025233729,0.823413732977811
"550","PHPT1",2,1,0.565514284167121,-3.42305016186624
"551","COX6A1",2,1,0.176849561724494,-3.10781645443827
"552","NSD1",5,1,0.662009912524055,2.13205966684431
"553","HSPH1",4,1,2.37733669856531,0.297609690161649
"554","ACP1",2,1,1.51432533839686,-1.83421897557169
"555","COX5A",3,1,0.201712804827522,-2.28030037548929
"556","WTAP",5,1,1.44861431697352,1.33151674601645
"557","LGALS3",7,1,-0.0490549029971854,-0.530210014847812
"558","RALY",4,1,3.01320381740076,0.527718428107205
"559","ILF2",4,1,3.05560989955408,0.308386448355618
"560","PHB2",7,1,0.30618162730677,-0.480599161652622
"561","COX17",2,1,0.374330717120002,-3.52667212155252
"562","CST3",3,1,-1.58502654453771,-2.55484127667337
"563","MRPS16",2,1,1.70148106196863,-1.93735098507791
"564","CAMK2N1",1,1,-1.35451130291479,0.453561547728482
"565","HSP90AB1",4,1,2.34529467204554,-0.00364851620584417
"566","ARF4",2,1,-0.979747575726678,-4.61692547467142
"567","FASN",8,1,-2.35170821568029,1.82606557342619
"568","HSD17B10",3,1,0.333355623278449,-2.08194923069864
"569","UQCC2",2,1,1.43979473689539,-1.9797449078837
"570","PLP2",1,1,-1.55697636028783,0.305568340750638
"571","CHMP2B",1,1,0.843339162859748,0.821879628630582
"572","SDHC",3,1,-0.677925867047478,-0.817457195786533
"573","KLF6",8,1,-1.33501891514318,1.2062451276502
"574","WBP11",4,1,3.24781532863123,1.09873825642675
"575","CYSTM1",4,1,1.414445119891,0.475795749159756
"576","DAD1",2,1,-0.789528650250603,-4.39166426327616
"577","UBE2A",4,1,1.32438631633265,0.373445514174405
"578","PARK7",3,1,0.070701795611213,-1.76235747006327
"579","MAL2",1,1,-0.593551439252068,1.5518827471456
"580","ATOX1",2,1,0.119282442126106,-3.66739344265848
"581","SNRPE",4,1,3.08697624782069,-0.518122431305942
"582","LAMTOR2",2,1,0.798924165758918,-2.88807987835794
"583","DDX21",4,1,2.21616812327845,-0.53782939579874
"584","IDI1",8,1,-2.40374783894079,1.7869905117473
"585","EIF6",2,1,2.11226578334315,-0.773507591752109
"586","MRPL17",4,1,3.13240070918543,-0.0970666375437348
"587","DNMT1",4,1,3.37581177333338,0.610996726485196
"588","SNHG5",7,1,1.68380709269984,-0.149418589142856
"589","CHMP5",1,1,-0.0102398814822928,-0.0193300214090912
"590","PDCD6",3,1,0.583593088183235,-1.33074450161844
"591","TAF1D",7,1,1.62319298366053,-0.380232807663974
"592","CHID1",3,1,-1.61825017353552,-2.38776516583353
"593","TMEM14B",2,1,1.05829449275477,-3.19296764996439
"594","NUB1",1,1,0.691245275530647,0.0780274901112945
"595","APP",1,1,0.0066091595028146,2.19950774643034
"596","TUBA1B",4,1,3.67977638820155,1.50998956296057
"597","ARPP19",4,1,1.87770958522303,0.6190601620397
"598","HCFC1R1",1,1,-1.7592359008457,0.395341518851224
"599","CLNS1A",7,1,0.249447065386604,-0.569486376313266
"600","SNHG8",7,1,1.63979311564905,-0.338813063172397
"601","RPS19BP1",7,1,1.41646881679041,-1.47320127156168
"602","SEM1",2,1,0.860990720782111,-3.19791435864359
"603","LAMB2",5,1,-0.492216867413689,2.81480372283072
"604","PSMA7",3,1,0.729422288927863,-1.991521832017
"605","RBM8A",4,1,2.18788929561121,0.170173529120389
"606","C1QBP",2,1,2.41877813914759,-1.14352702763468
"607","COMMD6",6,1,-5.61820478459852,3.44168985220999
"608","YWHAH",4,1,3.18802090266688,0.917089882822934
"609","CENPX",4,1,3.44188614467127,0.414708617659512
"610","SELENOK",2,1,-0.961492818799187,-4.60596775677591
"611","HMGB1",4,1,3.47452374080164,1.50476006004423
"612","TRAPPC1",2,1,0.659659582171272,-2.67863297131449
"613","RCN2",3,1,-1.68672065159338,-2.41537451413065
"614","EZR",1,1,-0.543793481793572,1.6866703364572
"615","GSTO1",7,1,0.925063329729865,-1.23810910847574
"616","TMEM123",8,1,-0.713209909405877,3.06045890185446
"617","ATP6V0B",4,1,1.54604120830042,0.462913278075162
"618","HSPA9",7,1,1.81171055415613,-0.448971268204746
"619","BRI3",7,1,0.0566155491207345,-0.565585371522006
"620","HSPA4",4,1,2.12650604823572,1.14573699566931
"621","NCOA4",5,1,0.249225336108039,2.19927618238539
"622","DUSP16",1,1,-0.709959787335564,1.7171475175342
"623","MORF4L2",1,1,0.166663366350959,1.39997560116858
"624","SERPINB6",3,1,0.295739847216438,-1.08674025204569
"625","NSA2",7,1,0.751829820666145,-0.272702929047641
"626","SNRPD1",4,1,3.11751576045496,-0.214756247071323
"627","YBX1",2,1,2.41025944331629,-1.16439485218912
"628","GALNT7",1,1,-0.888799947705437,2.05848655435652
"629","CD46",8,1,-1.42528156658666,2.25208035442442
"630","NDUFB6",2,1,0.84825058558924,-2.79110121395975
"631","PBX1",8,1,-1.77189163586157,1.36216312977881
"632","RNF213",1,1,-2.29639486691015,-0.217147347001132
"633","EIF4G1",5,1,0.495248037371467,2.70523357722372
"634","RALA",1,1,0.454818922076057,0.370652678938809
"635","HMGCS1",8,1,-2.34381632229345,1.84765487495274
"636","ZFP36L1",8,1,-1.29915694614904,2.57412207457632
"637","UQCC3",2,1,1.78989716151697,-2.40622448590189
"638","SMARCE1",5,1,1.08973475078089,1.37038421961874
"639","AK1",3,1,-1.12962607761877,-0.862313028840122
"640","MTDH",1,1,0.503939348254035,0.866915110083524
"641","TIMM8B",2,1,1.77007790187342,-2.50894283917337
"642","EMP2",4,1,3.38582439998133,0.488892320128384
"643","HNRNPA1",5,1,2.52437086680872,1.86369808721751
"644","TMEM160",2,1,2.08930702784998,-1.35336732533365
"645","GNG12",1,1,-1.18296794315832,0.504883531065884
"646","CDK2AP1",5,1,2.52437086680872,1.94577906239242
"647","ALKBH7",3,1,-0.268327516522576,-2.25274872448832
"648","SPCS1",3,1,-0.872247022595574,-2.24297785427957
"649","PCNP",1,1,0.592468458208869,0.553278330298367
"650","RIOK3",4,1,1.52892513850672,0.848635080786649
"651","CAP1",1,1,-1.33859996220129,0.272669199438992
"652","PRMT2",1,1,-0.914116662945916,0.823893311949673
"653","RBIS",2,1,1.46036263087733,-1.80860209134012
"654","FAM133B",5,1,1.61653204539759,1.54208857152075
"655","ATP1B1",1,1,-0.663411897626092,1.91751961624645
"656","XRCC5",4,1,2.92061443904383,0.797914031477872
"657","BUD23",3,1,-0.559745592084099,-2.27312302258402
"658","DPM3",2,1,1.45124741176112,-2.90780615475565
"659","TOMM6",2,1,0.920525270495246,-3.14171433117777
"660","CD47",3,1,-0.683241647687127,-2.13318371441751
"661","YES1",5,1,0.448209482226203,2.14556920859427
"662","NDUFA6",4,1,1.65452595332606,0.379872086974087
"663","CTSD",3,1,-1.6473122062351,-2.15773081448465
"664","PSME4",1,1,-0.219573301282098,2.18844658467382
"665","ASAH1",2,1,-0.584727567639519,-3.01944088604837
"666","CNPY2",3,1,-0.802535814252068,-2.44146179821878
"667","SDC4",1,1,-0.166212839093377,1.94376225169212
"668","HSPA5",2,1,-1.24215344807165,-4.69235348370462
"669","CD151",3,1,-1.44349316975134,-2.16321158078104
"670","CIRBP",7,1,0.901199060473274,-0.327696081666049
"671","GGCT",1,1,-0.836161416974236,0.898011926146451
"672","PRPF4B",5,1,1.88855238536341,2.00438029650063
"673","COX14",2,1,1.61070986369593,-2.96996760037332
"674","SRSF7",4,1,2.70662422755701,1.00373459193319
"675","MT-ND5",5,1,0.954767423662971,3.20089996192068
"676","UXT",3,1,0.343378740343879,-2.29736876156717
"677","ZNHIT1",2,1,0.754532056841682,-2.68527388241678
"678","COPE",3,1,-0.118061822858025,-2.01528811123758
"679","CCDC50",1,1,-0.855836671796014,0.529541972609463
"680","ECHS1",3,1,-0.535481733288933,-1.51179265644937
"681","NARS",5,1,0.660515981707404,2.44459963175863
"682","TES",1,1,-1.64513782879369,0.635535243483487
"683","RRAGA",3,1,0.784671503100227,-1.71403646138102
"684","CWC15",7,1,1.20874853709681,-0.238991734055576
"685","H2AFV",4,1,3.43138905147059,1.58186287018866
"686","NAMPT",8,1,-1.42958120724218,2.50622070166678
"687","ATP6V0E1",4,1,1.57717724421961,0.777516606779996
"688","PPP1CB",8,1,-1.0839908542301,2.89912176463217
"689","ACADVL",1,1,-0.775192541089226,0.705256823035184
"690","PDLIM4",1,1,-1.48189954182165,0.44861817690939
"691","HNRNPU",5,1,2.03663702586634,2.09804877969832
"692","SSR4",3,1,-1.59763483425634,-2.46987652447611
"693","CAPRIN1",5,1,1.00007744410975,1.91896011452586
"694","GRHPR",3,1,0.401330667528938,-1.7330362763682
"695","RNF187",7,1,1.52182837108118,-0.508966442612705
"696","PERP",1,1,-0.717424196210076,-0.0724071231165497
"697","SRP19",7,1,1.21628637889368,-1.48937749531656
"698","SRSF3",4,1,2.25220699885828,1.3808662328443
"699","LAMTOR4",2,1,1.54877873042567,-2.86692547467142
"700","SH3GLB1",1,1,-0.2569473209049,0.540516618224087
"701","UBE2L3",2,1,1.14504118541224,-2.71437000897318
"702","MT-ND1",5,1,0.779766756090949,3.36973011824698
"703","GFPT1",5,1,0.389676290545295,2.70458942982763
"704","MMADHC",1,1,-0.0896289767886893,0.610255959959927
"705","KIF5B",1,1,0.0768391666744455,0.79203129145712
"706","SON",5,1,1.14824648478968,1.53120723697752
"707","DNAJA1",4,1,2.29178639033778,0.372149947615567
"708","SLIRP",2,1,1.17637367824061,-2.37915539410501
"709","RHOB",8,1,-1.21811704060095,1.61506715747923
"710","PGLS",3,1,-0.116294187512566,-1.67800831463724
"711","STIP1",4,1,2.41822643855555,0.274336102934781
"712","PSME2",3,1,0.479748922381233,-2.13352656033426
"713","HNRNPC",5,1,1.42242785075648,1.2413072619161
"714","ANXA11",8,1,-0.997512144055535,2.97979891631216
"715","CRNDE",2,1,1.30365105250819,-2.89581942227274
"716","ARF1",4,1,1.40342732051356,0.474560144873563
"717","TUBA1C",4,1,3.81964035609705,1.75440053972811
"718","TAF9",7,1,1.36755152324183,-0.599135872391757
"719","NDUFS4",3,1,0.420657831225227,-1.35073899891764
"720","CDV3",1,1,0.921120363268684,0.787539723845425
"721","KIAA0040",1,1,-0.311152261700799,1.55022290680021
"722","MANF",2,1,-1.29014663120763,-4.73219990399271
"723","DGCR6L",3,1,-0.751258176770379,-1.45653700497538
"724","MYDGF",2,1,-1.44920067211645,-4.58733009961039
"725","NDUFB8",3,1,0.232116418871711,-2.19161915448099
"726","BRD2",5,1,1.46192522624476,1.62025422188849
"727","GLO1",4,1,2.94514008143885,0.44548166129202
"728","JPX",5,1,0.55138893702967,1.6372788581571
"729","UBE2K",1,1,0.532468515429328,1.0398592982015
"730","SNHG7",7,1,1.04087896922571,-0.538627382782993
"731","MRFAP1",4,1,1.59070129970057,0.54764914843649
"732","TANK",8,1,-1.21260337254064,2.86092973086447
"733","RPL22L1",2,1,2.46929188350184,-1.21817350056559
"734","GLUL",1,1,0.093557077441047,1.45970914098829
"735","CEBPD",8,1,-1.53592924496191,1.53064003917784
"736","RSL24D1",7,1,0.866462427172492,-0.49388932850748
"737","MSMO1",8,1,-2.39770440479772,1.79350050124735
"738","RTL8A",7,1,1.28499670604212,-0.654505726365146
"739","BLOC1S1",2,1,0.64352818110926,-3.08829998639017
"740","SNX3",1,1,-0.0779207172061698,-0.335296627549228
"741","GDI2",5,1,0.83322544673426,2.22922885748953
"742","HMGB2",4,1,3.72273178676112,1.75434004101366
"743","ITGB1",1,1,-1.43618111034887,0.552654984923306
"744","LY6E",3,1,-1.67415980717199,-2.10694241192728
"745","CCDC85B",2,1,2.47869749644739,-1.51461124089151
"746","KRTCAP2",3,1,0.168059545550178,-2.45048069622904
"747","PPIB",2,1,-1.4923148574497,-4.59284996655374
"748","CLDN7",1,1,-0.795164865460564,0.779636147948209
"749","LINC01578",5,1,1.25195618251307,1.24480182263464
"750","LEO1",4,1,2.08097954371912,1.07382417056173
"751","RAB27B",1,1,-0.70225457569616,1.72538584801764
"752","TRIM28",5,1,1.42341538051112,2.6467433604917
"753","NOP56",4,1,3.04238911250574,-0.0310988393107026
"754","CTSB",5,1,-0.254094881024529,3.01511609885305
"755","CLTA",7,1,0.655744272265266,-0.361633774308261
"756","ITM2B",3,1,-1.73962597271459,-2.32648014691263
"757","BTG3",4,1,3.42209072688563,0.745757225485745
"758","LITAF",8,1,-1.10751990696447,2.90381211373419
"759","CHD2",5,1,1.35245581248743,1.73861055407137
"760","VTI1B",1,1,-0.254085344281365,-0.0636433329859345
"761","SRSF5",1,1,0.694184499773811,0.310351971121732
"762","PIN1",3,1,0.216873365435432,-1.44421696331888
"763","C11orf58",1,1,0.641853052172492,0.562511685820523
"764","GOLGA4",5,1,0.370834070238899,2.5481110844335
"765","SFN",2,1,1.90178986171229,-1.04082131054789
"766","NUCKS1",4,1,3.49851627925379,1.5733584794721
"767","TMEM106C",4,1,3.53621121028406,0.717534545393887
"768","PSMB1",3,1,0.678693014178108,-1.69990563061624
"769","TXNRD1",1,1,-2.36809138676183,-0.47628187802225
"770","TAF10",3,1,-0.60044793507116,-1.02761673596292
"771","ALDH9A1",8,1,-0.644070428815056,2.76928234431356
"772","FUS",5,1,1.95381470302088,1.92220011358545
"773","NPDC1",3,1,-1.26062039753454,-2.00604486134439
"774","PNISR",5,1,1.14618511775477,2.12382814619154
"775","POLR2A",5,1,1.34204741099818,1.68944323393911
"776","PDIA6",2,1,-1.4837425174381,-4.58952355053812
"777","HIST1H4C",4,1,3.27151508906824,0.590885642500821
"778","CD81",3,1,-1.62672666927831,-2.26450657513529
"779","NIT2",3,1,0.475990968737434,-1.60446929600626
"780","GPAA1",3,1,-1.27207021137731,-2.32321476605326
"781","ALCAM",1,1,-0.648758214917351,2.11867553326696
"782","SOX4",1,1,0.750204759630988,0.985432389708462
"783","DNAJC8",4,1,1.61839171031458,0.672049764128628
"784","COPZ1",3,1,-0.505493444409539,-1.09470200207621
"785","PPP2R2A",4,1,1.16866417506678,0.718696835967007
"786","LIMCH1",1,1,-0.743017000165154,1.76425372395128
"787","CAST",1,1,-0.36014203449743,0.616061690779629
"788","EIF3A",5,1,0.680251318011115,2.57326025101751
"789","ARL6IP5",1,1,-0.0293920459415213,0.532736304732266
"790","H2AFY",1,1,-0.786203187909295,-0.0790306296625702
"791","H1FX",7,1,1.12294169047816,-0.294243570832309
"792","HEXIM1",5,1,1.57906408885462,1.66585773560614
"793","FAM177A1",1,1,-2.14629082104223,-0.349316116837558
"794","IER5",8,1,-1.32343463322179,2.73255652520269
"795","LRPAP1",3,1,-1.58878402134435,-2.26457094815165
"796","AK6",7,1,1.3036725101803,-1.27237224247843
"797","MDK",2,1,-1.1226232471134,-2.93204235699564
"798","MT-ND3",5,1,0.733611303362678,3.4270138773641
"799","RPA3",4,1,3.57537956813319,0.593050840826932
"800","CNBP",4,1,1.47767229655726,0.784825805159512
"801","CDC42SE1",1,1,-0.201706689801385,1.24661678406805
"802","MRPS6",3,1,-1.26206950565832,-0.528495308426914
"803","CD44",1,1,0.031535821947883,1.72667673561186
"804","WSB1",5,1,1.27205582240565,2.21746057602972
"805","ATP5F1A",5,1,0.72807236293299,2.3381027612409
"806","EFCAB14",5,1,-0.0368583621646659,2.99819410178274
"807","GTF2H5",2,1,0.547527509722541,-2.83192658093363
"808","DLD",5,1,0.713444429430793,2.39168554875464
"809","TOMM20",7,1,0.849815088305305,-0.374470707444247
"810","ABCD3",5,1,0.286741930041145,1.85226920578093
"811","NME3",2,1,-0.107473176922967,-3.04527830746561
"812","MT-ND2",5,1,0.80212660411341,3.31778323981375
"813","LPGAT1",1,1,-0.124779027905633,1.65453929040045
"814","EVA1B",3,1,-0.45124606510656,-0.52818035748392
"815","EIF3J",4,1,2.17327042201502,-0.513648506669101
"816","CHCHD10",2,1,1.94205971339686,-1.76101731923014
"817","MPLKIP",7,1,1.23651571849329,-1.04639029171854
"818","SNX6",1,1,0.0983807621334298,0.554838183852139
"819","ATRX",5,1,0.461055952105354,2.00492604407877
"820","STAT3",5,1,0.873606401476692,1.82502401951164
"821","DDX3X",5,1,1.72121735194666,1.45479354593367
"822","SERINC2",3,1,-1.38280944248693,-1.3001224961558
"823","C9orf16",2,1,-0.100645822491814,-3.57728743222147
"824","PRDX3",1,1,-0.12731675526159,-0.126809593705234
"825","AKAP13",8,1,-0.945476335492303,2.92480039927572
"826","PSMD12",4,1,2.14200373271448,0.407160523863736
"827","PANK3",8,1,-0.687309068646599,2.79082781407446
"828","CMPK1",5,1,0.529998498949836,2.87818241450399
"829","HDLBP",5,1,0.355971532854865,2.62452662322134
"830","SFPQ",5,1,1.77926607707484,2.29218033287138
"831","NOP53",6,1,-5.76269225498693,2.85041231247992
"832","CYP1B1",1,1,-0.614972871747185,1.35568583342642
"833","MAGED2",1,1,-0.51446275135534,-0.409181829957065
"834","PSMA4",3,1,0.680091100725959,-1.82524561551004
"835","FAM120A",5,1,0.158484178576301,3.01553333136648
"836","HMGN3",1,1,0.602867799792121,0.228125694724026
"837","UBE2D2",7,1,1.43061371425135,-0.680195805100497
"838","NAXE",3,1,-0.223903936352898,-2.35017561581522
"839","ACTR2",5,1,0.15838356593592,2.80840969416708
"840","EIF1B",4,1,1.59952374080164,0.751037958594266
"841","HDDC2",3,1,0.665201383623908,-1.45199703839212
"842","EIF5A",2,1,2.48895617106898,-1.13091516163736
"843","FNBP1L",1,1,0.259416299853156,1.72304852637858
"844","VPS13C",1,1,0.0327369747493966,2.24243009421438
"845","CTTN",5,1,0.342421728167365,2.42718434664816
"846","CCT4",4,1,2.23462744334681,-0.0934064355173676
"847","WDR34",4,1,3.32158299067957,0.550795677634183
"848","PDCD5",2,1,1.4343688068722,-2.00435995724588
"849","GK5",8,1,-1.00701312443273,2.94469988677115
"850","CTNNB1",5,1,-0.523344320264031,2.96308446261496
"851","HNRNPDL",4,1,2.38347836116297,1.26251584622473
"852","EPHX1",1,1,-2.44484261890905,-0.687273260621127
"853","YBX3",8,1,-1.46877531429784,1.29248404833883
"854","PCBP2",5,1,0.188514429125617,2.855726006957
"855","SPCS2",2,1,-1.14308814426916,-4.62054037716776
"856","ZMAT2",1,1,0.300561624560188,0.484079483481351
"857","FKBP4",4,1,2.44167347529871,0.150739792319241
"858","PLIN3",1,1,-0.316170972790887,0.455410006972256
"859","COPS6",3,1,0.0847804127071603,-1.80779337551981
"860","SEPTIN10",1,1,-1.87421254536169,0.166930917235318
"861","ATP6V1A",5,1,-0.0657089175845877,3.01328206393332
"862","LMO4",5,1,-0.222580713238885,3.01249075266928
"863","NHP2",2,1,2.13790197947962,-1.78692364361673
"864","ANXA3",1,1,-1.59146241566198,0.445815566512051
"865","GNPDA1",7,1,1.06567402461512,-0.872715708283481
"866","SNHG6",7,1,1.66781588176234,-0.205011602906284
"867","ACAT2",8,1,-2.42273001095312,1.76934346887678
"868","CTNNA1",5,1,-0.1805313052799,2.7144632372579
"869","CDC42BPB",5,1,0.299126821551154,2.30780688259214
"870","MTPN",1,1,0.569071012530158,0.617334369154874
"871","IER3",8,1,-1.40148620029943,1.7750440571031
"872","WASF2",1,1,0.799568849596809,0.347472671004239
"873","CCT5",4,1,2.40529318431361,-0.203013416794833
"874","FXR1",5,1,0.843783575091194,1.35506630274862
"875","TAF7",5,1,1.61070032695277,1.33622759911627
"876","RHOC",3,1,-0.868267816510369,-0.773705956009921
"877","NDUFB10",3,1,0.218858438525031,-2.29637312558084
"878","PRDX4",3,1,-1.41936258694189,-2.46517443325907
"879","CAPZB",3,1,-0.734092039075066,-0.640241858033237
"880","CARHSP1",4,1,3.46583767512781,0.54389143321127
"881","ID2",8,1,-1.23119763752477,2.65090740058035
"882","EIF3D",7,1,0.618332582506965,-0.739132877854404
"883","OIP5-AS1",5,1,0.782705026659797,2.8192372355184
"884","HLA-E",3,1,-2.40392164608495,-2.09157442715555
"885","CEBPB",8,1,-1.52568153759496,1.76762125227064
"886","IRF2BP2",8,1,-1.08170012852209,2.63370222184271
"887","ABHD11",8,1,-1.57904533764379,2.6881833705625
"888","EIF4A3",4,1,2.41610546687586,0.468803289862576
"889","KDELR1",3,1,-1.58823708912389,-2.28805899289041
"890","UQCRC1",3,1,0.254579263720344,-2.17835545208841
"891","ATP5PB",3,1,0.42643948176844,-2.20290970471292
"892","EIF4EBP1",7,1,1.53651495555384,-1.47592663433939
"893","APEH",5,1,0.231010633501838,2.84351599547476
"894","CDC37",4,1,2.361222463641,0.381654981108609
"895","ARGLU1",5,1,1.85147972682459,1.97574210125417
"896","TSTA3",3,1,-0.252047342267205,-1.470436808137
"897","TXNL1",7,1,0.595054822954963,-0.614428755311069
"898","PCNA",4,1,3.44191761592371,0.557074550124112
"899","REXO2",3,1,0.694940286669563,-1.52746653225809
"900","PRPF40A",5,1,0.716552930865119,1.32548189494223
"901","ARL2",3,1,0.534624773058723,-1.43566798832804
"902","EIF3H",7,1,0.533428865465949,-0.351187702683505
"903","HIGD2A",2,1,0.0269524631832345,-2.70414757397562
"904","EIF3F",7,1,0.434456544909309,-0.57179665234476
"905","FBXO9",1,1,0.250740724596809,1.73267339500994
"906","METTL26",2,1,1.0834018764828,-2.288636442689
"907","RBM39",5,1,1.67858906367762,1.60163691970915
"908","SPAG7",3,1,0.445196825060676,-1.62302827504068
"909","SEC61G",2,1,-0.609473985638787,-4.40069460537821
"910","PIM3",5,1,1.64828129390223,1.3813173804006
"911","HNRNPH3",4,1,1.57296152690394,1.07531339261145
"912","TMEM167A",2,1,-0.787765306439568,-4.4996788468638
"913","PFDN2",7,1,1.70515699962122,-0.348145720032748
"914","MCTS1",3,1,0.305340009722541,-1.70887684491068
"915","HNRNPR",5,1,2.29155989268763,1.64556154939741
"916","ZFAND6",1,1,-0.162280839886834,0.55921912524313
"917","SRD5A3",2,1,1.93412895778162,-4.56832766201883
"918","CD99",1,1,-0.840495866742303,1.19283551308722
"919","SARS",7,1,1.42776747325404,-0.453540083436069
"920","DNPH1",2,1,1.39843006709559,-1.99949574139505
"921","FAM162A",2,1,1.90739269832117,-4.53500389721781
"922","XIST",5,1,1.23703880885584,2.29147875640005
"923","IRX3",1,1,-1.01096133610265,1.94929333362192
"924","MT-ND4L",5,1,0.939773279223274,3.21947944495291
"925","TMEM141",2,1,1.92444630244715,-1.62871002819925
"926","DCXR",3,1,-0.545476240124871,-2.21702122357279
"927","TIMM17A",2,1,-0.908994955029656,-4.50935482647806
"928","AAK1",1,1,-0.953269285168816,1.03675288292975
"929","PDIA3",2,1,-1.51881341358679,-4.59112858441263
"930","RBM25",5,1,1.89470882991297,1.93387887399108
"931","RER1",3,1,-0.223297876324822,-1.44579076435953
"932","MPC2",2,1,0.99130650142176,-2.96673988964945
"933","DNAJC10",5,1,0.404787260088752,2.66128939721197
"934","MRPL47",3,1,0.95060940364344,-1.4929752316752
"935","LSM7",2,1,2.47641964534266,-1.58889078762918
"936","TECR",3,1,-1.02835015675085,-2.29901575711161
"937","CSNK2B",3,1,0.0707566318844064,-2.21992468502909
"938","TRPS1",1,1,-0.378285688367058,1.8917310066095
"939","NQO2",3,1,-0.0230095805789725,-2.06701230671793
"940","RBBP4",4,1,3.16749306300623,0.832225564452115
"941","PTS",7,1,1.130425172839,-1.49822044041544
"942","UBQLN1",5,1,0.618890481982063,1.29284978243918
"943","MT-ND6",6,1,-4.24090258499639,3.53284073206991
"944","CYP51A1",8,1,-2.40287689587133,1.78540091547579
"945","FAM200B",7,1,1.27514906505091,-0.978158709076938
"946","PATJ",1,1,-0.14675502201574,2.34508401486486
"947","CCT3",4,1,2.38120718577845,0.0839142832478912
"948","GTF3A",2,1,2.26733465770228,-1.35249352124124
"949","SSB",3,1,0.94508953670008,-1.58768462803751
"950","CCDC59",1,1,1.12043924907191,0.0636880430898101
"951","ARPC5",1,1,-0.507229608502556,0.442383769484463
"952","OCIAD2",3,1,0.655470090899299,-1.05506062176615
"953","HES4",1,1,-0.114267152753045,0.946182909937802
"954","OTUD6B-AS1",7,1,1.29634972194178,-0.656969305543002
"955","PTPRF",5,1,-0.383915704693963,2.88061303231329
"956","TFAP2A",1,1,-0.334969324078728,2.27539366814703
"957","PAFAH1B3",3,1,0.868875700030158,-2.11320852902323
"958","N4BP2L2",5,1,1.24050684550745,2.2279214594087
"959","IDS",1,1,-0.0534656467105643,2.47265106770605
"960","MCFD2",2,1,-1.29514150043981,-4.53057837155252
"961","SNRPN",3,1,-0.348314088788201,-0.751168962983188
"962","PMM1",7,1,1.60260935405238,-0.963275190857944
"963","SNX5",4,1,3.13492031672938,1.14758134219259
"964","TUFM",3,1,0.0991379795406564,-1.96122812893778
"965","ZMYND11",5,1,0.506748872790168,2.03249542746157
"966","UBE2B",4,1,1.37331600764735,0.695019963713589
"967","ANP32A",4,1,2.28113432506068,0.0317553314885528
"968","NDUFA10",7,1,0.353567319903205,-0.860904451874789
"969","PRRC2C",5,1,0.944772439989875,1.43632030818075
"970","TMED3",3,1,-1.51064090153234,-2.23673987057596
"971","SPAG9",5,1,0.847287851366828,1.01739198300451
"972","HSP90B1",2,1,-1.40084103962438,-4.65217756894022
"973","IP6K2",5,1,1.09439488032801,1.39256263110251
"974","HADHB",3,1,-0.464780611004998,-0.726229902772006
"975","PSMB3",3,1,0.371541696581672,-1.9513492551127
"976","ATF4",7,1,1.63624592402918,-0.281575914887485
"977","BAG3",5,1,0.128930765185188,2.50171625945181
"978","LAPTM4A",3,1,-1.78497867008703,-2.1883642640391
"979","PRPF8",5,1,1.39800854304774,2.13794797989935
"980","ZNF593",2,1,1.75230761149866,-2.08370375302225
"981","SPINT1",8,1,-0.930142206158806,2.92901540133566
"982","PPIG",1,1,1.05670328715784,0.210472467871609
"983","NDUFS3",3,1,0.20368500331385,-2.07838749554544
"984","UBA6",5,1,0.248451906237434,2.22092762920469
"985","OSTC",2,1,-1.19177846333044,-4.69390368130594
"986","SIVA1",4,1,3.40507431605799,0.416198495360318
"987","TARDBP",5,1,1.66292257884486,2.41459390852064
"988","LSM5",4,1,3.55085678676112,0.831387999983731
"989","SEC11A",7,1,0.417679983172248,-0.797612186936435
"990","MYO6",1,1,-0.301380437817742,1.53472173544973
"991","GNL3",4,1,2.18474836925013,-0.511702295807895
"992","MCL1",8,1,-1.4194343509342,2.55079955193609
"993","RABAC1",3,1,-1.15145615955846,-2.28762745526224
"994","GNB1",5,1,0.136639314684699,2.99097466799826
"995","DNAJC19",2,1,1.48996849635584,-1.85345697071939
"996","IMPDH2",7,1,0.354771333727668,-0.415139194993076
"997","RAD21",4,1,3.49908466914637,1.72986075613112
"998","SRRM2",5,1,1.87489910701258,1.83243499282211
"999","EIF3L",8,1,-3.31672291180151,2.34459475013823
"1000","UBE2H",1,1,-0.115422529187371,1.79579783562035
"1001","HNRNPD",4,1,2.81985397914393,1.17666370007605
"1002","MLEC",2,1,-1.36120943447607,-4.58409189846903
"1003","RNF114",4,1,1.55290384868128,0.67698264453024
"1004","ABRACL",1,1,-0.688597959485223,0.593596342535916
"1005","HSPA1A",4,1,2.39418812373621,0.286102298232022
"1006","MKNK2",7,1,1.51459379771693,-0.477831121949252
"1007","GOLM1",1,1,-0.865018648114373,1.6611396703443
"1008","P4HB",2,1,-1.37613491436498,-4.68950199749857
"1009","CSE1L",4,1,3.31509323695643,1.08253378007025
"1010","BCLAF1",5,1,1.70083304027064,2.12773919436544
"1011","LIMA1",1,1,-1.2539070071842,0.796809318991605
"1012","EIF3G",3,1,0.114243703875373,-1.53494166996866
"1013","APEX1",7,1,0.356847959551643,-0.480075832871494
"1014","ATP6V1F",2,1,1.58847637752039,-2.96881889965921
"1015","MRPS18C",7,1,1.17603703120692,-1.56784701016336
"1016","AHR",1,1,-0.25592831989782,1.73637739154905
"1017","NOSIP",3,1,0.434674459490608,-1.98433971074015
"1018","PRKAR1A",5,1,-0.236640256848504,2.86022651526541
"1019","NDUFB5",3,1,0.227503973040412,-1.27680110600382
"1020","GNAS",3,1,-1.27742556950109,-2.24350762036234
"1021","KIAA1324",8,1,-1.07441930195348,2.25723529193014
"1022","EPCAM",1,1,-0.378379625287224,0.643994215460721
"1023","CAMTA1",2,1,0.861041742358039,-3.44663214352518
"1024","USP16",1,1,0.330672937426399,0.801064017744961
"1025","BNIP3",2,1,1.92191477397425,-4.56833529141336
"1026","NIFK",4,1,2.13732786754114,-0.53778671887308
"1027","DNAJB6",4,1,2.11441012004359,0.480595830412808
"1028","RAP1B",4,1,1.20773192027552,0.790003183813992
"1029","PPM1G",4,1,3.00079651454432,0.820827845068875
"1030","WDR26",5,1,-0.029799741711785,2.61663562390417
"1031","COPB2",5,1,0.381109910998176,2.44692367646307
"1032","QSOX1",5,1,-0.37635068317907,2.88165402743429
"1033","CDKN1B",1,1,-0.632971567120721,1.79151161346048
"1034","SERP1",2,1,-1.00265340229528,-4.6399924721995
"1035","IGBP1",7,1,0.80743666270716,-0.425990578202304
"1036","LMAN1",2,1,-1.46550182720678,-4.54527687695414
"1037","PCYOX1",5,1,0.00659866908533413,2.9512716564855
"1038","FDFT1",8,1,-2.39387063404577,1.79169694665283
"1039","JUP",1,1,-0.148322862591912,2.45178014371008
"1040","FLOT1",1,1,-0.101174634900262,-0.00610351231485295
"1041","SARNP",4,1,1.87694473842127,0.411347511740628
"1042","ARPC5L",4,1,3.04658432582362,-0.0774441924372284
"1043","ADRM1",3,1,0.84794540980799,-1.74729180004984
"1044","RASD1",8,1,-1.08916930576818,1.86886664810986
"1045","VPS36",1,1,0.334711748156379,0.170657280417386
"1046","RANBP1",4,1,3.3565027294491,0.369749549361172
"1047","CARD19",1,1,-1.00316457172887,0.391544106932584
"1048","ACSL3",8,1,-2.09024171253698,1.98911262634605
"1049","UBXN4",1,1,0.0826851902340158,0.411068919630948
"1050","SRSF10",4,1,3.09829540828211,0.864397886725369
"1051","RBM17",4,1,3.03900547603113,0.883921149702969
"1052","FXYD5",3,1,-1.44164494892614,-2.21531843808084
"1053","HERPUD1",2,1,-1.20929459949987,-4.73053526547342
"1054","JPT1",4,1,3.84947414973719,1.80713525745482
"1055","SHOC2",5,1,0.775507169756721,1.69997749063582
"1056","GSPT1",4,1,2.17724342921717,1.03376192185492
"1057","ATP1B3",4,1,1.77378006556971,0.486642006369534
"1058","NSRP1",1,1,1.03116293529017,0.0921942028722198
"1059","VMP1",5,1,0.987164217028449,2.14391985866636
"1060","MRPS24",3,1,0.40716810801966,-2.36343836453348
"1061","PGRMC1",4,1,1.55335970500452,0.766374829741421
"1062","YWHAQ",5,1,2.51375122645838,1.90619943621964
"1063","SEPHS2",7,1,1.5917551098202,-0.271810766724643
"1064","REEP3",1,1,-0.0714419307376639,0.963497761221829
"1065","SNRPB2",7,1,1.35189409831507,-1.10535287526041
"1066","SPTSSA",1,1,-0.426228803601433,1.34109193417639
"1067","RFC1",4,1,3.34232254603846,0.616274717780057
"1068","POLR2F",2,1,0.826847272906135,-2.34246229794413
"1069","VKORC1",2,1,-0.896452230420281,-3.07118677761942
"1070","ARF6",8,1,-1.71572904011266,1.32936567399115
"1071","ILF3",5,1,1.72424288371546,2.40159541699499
"1072","RNPS1",4,1,3.15639706233485,0.171927455397549
"1073","ZKSCAN1",5,1,0.109079557452033,2.74019629094214
"1074","SMARCA5",5,1,0.907825666460822,1.58347982499212
"1075","CISD2",2,1,-0.777704996075799,-4.13303303387552
"1076","MAGED1",5,1,-0.298948091473748,2.89331400725454
"1077","PIK3R3",1,1,-0.451064866986443,1.53700036141485
"1078","FAM102A",5,1,-0.0102556171085135,2.94237566325277
"1079","SNRNP70",5,1,1.40203066447718,2.66382778021902
"1080","IER3IP1",2,1,-0.747756761517693,-4.11890244152933
"1081","SLC38A1",5,1,0.165037828478645,2.99242580267996
"1082","RRBP1",5,1,0.322336870226692,2.51221335265249
"1083","NORAD",5,1,1.64890547374232,2.31611025664419
"1084","PPP4C",3,1,0.273865896258186,-1.6217651334086
"1085","ZNF91",1,1,-0.465974611249139,1.97287950623244
"1086","DDX17",5,1,0.0854541836117013,2.25825056764692
"1087","APLP2",1,1,-0.395631593671014,1.64201557967276
"1088","TMEM30A",5,1,-0.14732293507116,2.75749898287863
"1089","ARPC1A",3,1,-0.666879934277703,-0.83523773816019
"1090","TMEM205",3,1,-0.487300199475457,-2.37683939602762
"1091","SEC14L2",1,1,-1.28463582417028,0.125809792014066
"1092","MACF1",5,1,0.155887323412727,2.24968865844816
"1093","GCSH",2,1,2.25904341319544,-1.43441891339212
"1094","NFIC",5,1,0.407346921953986,2.96902442309469
"1095","REEP5",3,1,-0.885937017407586,-1.52354526188761
"1096","NUFIP2",5,1,1.74187250712855,1.53132665488333
"1097","SELENOP",3,1,-2.18952564617651,-1.6273930039683
"1098","TMEM54",3,1,-0.653203290906121,-0.891906258133945
"1099","YTHDF2",5,1,1.27698107341273,1.58744019600958
"1100","ECI1",3,1,0.0764872608516916,-1.90769362118631
"1101","PA2G4",4,1,3.00364895442469,-0.094161030320224
"1102","LRBA",1,1,-0.470990938153435,1.95446165609569
"1103","PSMB4",3,1,0.367617803606819,-2.31016564038187
"1104","MICOS13",2,1,1.3813960132931,-2.25072550442606
"1105","AKAP9",1,1,0.290180402788947,1.71693201694101
"1106","HDGF",4,1,2.46734972575648,1.47769812080473
"1107","LSM4",2,1,2.38987990001185,-1.13308262493998
"1108","TIPARP",1,1,-1.44775514027136,0.720340612860623
"1109","MTRNR2L12",5,1,1.18860455134852,2.87876129481405
"1110","IQGAP1",1,1,-0.0402234019901053,2.38302818271727
"1111","HMGN2",4,1,3.43598385432703,1.61839226219267
"1112","PALLD",1,1,-1.45981602093237,0.655454758139554
"1113","PUM1",5,1,1.1539151249264,1.83909285399527
"1114","PPP1CA",1,1,-0.876728338208367,0.0413121018132598
"1115","ZC3H15",7,1,1.32139797786219,-0.359691378144321
"1116","DUSP23",8,1,-1.62030510326879,2.62179440590948
"1117","NFIA",1,1,-0.508955282178094,2.01194630894274
"1118","RAD50",1,1,0.944537836108039,0.220388534995023
"1119","SLFN5",1,1,0.106186109576057,0.169814589949551
"1120","FOXP1",1,1,0.590421396288703,1.34340858790487
"1121","TTC3",5,1,0.224602418932746,2.89652443263144
"1122","SMDT1",2,1,1.15146370509608,-2.47405886319071
"1123","NFE2L2",8,1,-1.22706250568884,1.39151305291266
"1124","TOB1",8,1,-1.16619185825842,1.90274276542873
"1125","SHROOM3",1,1,-0.419918340649773,2.0950762066564
"1126","ZNF207",5,1,1.60355921367152,1.96553745079249
"1127","ANKRD12",1,1,0.808598714861701,0.387724998923245
"1128","RBBP7",4,1,3.34791966060145,1.16106623742193
"1129","RBPJ",5,1,0.660341459307502,2.43659848305792
"1130","MIDN",8,1,-1.39572004696386,2.14623856875509
"1131","BSCL2",3,1,-1.24866799732702,-2.25825810101419
"1132","KPNB1",5,1,0.986387926134895,2.80819303128332
"1133","FIS1",2,1,1.05016728023035,-2.96187376644999
"1134","PSMB7",3,1,0.718714910540412,-1.38940786984354
"1135","GTF2I",1,1,-0.100733560528924,2.24480006429762
"1136","PNN",5,1,1.87169952968104,1.93687874968559
"1137","ARMCX3",2,1,-0.815609735455681,-4.57003998425394
"1138","ACTN1",1,1,-1.52247480770605,0.497322443457547
"1139","NEU1",3,1,-2.35273126980322,-1.95531224873453
"1140","PGD",1,1,-2.40812901875036,-0.516104933289584
"1141","APPL1",1,1,0.733803945574592,0.405119303198758
"1142","ANKLE2",4,1,2.82906838038905,1.11108970973105
"1143","SEPTIN11",4,1,3.08922787288172,0.952530387373868
